2018,10,3,5,0,8.,"448fffc2b41d23f9216c836793f50c95650c642b",0.40621334014218591
2018,10,3,5,0,15.,"448fffc2b41d23f9216c836793f50c95650c642b",20.711942579468186
2018,10,3,5,0,22.,"448fffc2b41d23f9216c836793f50c95650c642b",0.18436566732589754
2018,10,3,11,48,22.,"06a695892a91c84d1ccca7cc546b2b2f8ae800bd",0.28971674171148365
2018,10,3,12,6,46.,"06a695892a91c84d1ccca7cc546b2b2f8ae800bd",0.88082261559822461
2018,10,3,12,6,55.,"06a695892a91c84d1ccca7cc546b2b2f8ae800bd",1.3503458507057346
2018,10,3,12,7,4.,"06a695892a91c84d1ccca7cc546b2b2f8ae800bd",0.24263229906874995
2018,10,3,12,7,13.,"06a695892a91c84d1ccca7cc546b2b2f8ae800bd",0.43747215099871983
2018,10,3,12,43,32.,"06a695892a91c84d1ccca7cc546b2b2f8ae800bd",0.71816039002864729
2018,10,3,12,43,49.,"06a695892a91c84d1ccca7cc546b2b2f8ae800bd",0.99210482475589723
2018,10,3,12,44,7.,"06a695892a91c84d1ccca7cc546b2b2f8ae800bd",0.45176679449054635
2018,10,3,12,44,25.,"06a695892a91c84d1ccca7cc546b2b2f8ae800bd",0.76432166208470864
2018,10,3,12,44,42.,"06a695892a91c84d1ccca7cc546b2b2f8ae800bd",0.44519378249659214
2018,10,3,13,2,1.,"06a695892a91c84d1ccca7cc546b2b2f8ae800bd",0.58791447102679184
2018,10,3,13,47,59.,"e87c68f32495227792445793e848b783219a9fa8",1.3204582231480724
2018,10,3,16,47,25.,"d472fbb3f65a71a2222e85cf11884ca76ce774a0",1.3379519047948403
2018,10,3,17,21,36.,"d472fbb3f65a71a2222e85cf11884ca76ce774a0",0.18453497837558697
2018,10,3,17,21,58.,"d472fbb3f65a71a2222e85cf11884ca76ce774a0",0.80347881409337729
2018,10,3,17,22,20.,"d472fbb3f65a71a2222e85cf11884ca76ce774a0",1.3324453096170918
2018,10,4,20,0,6.,"3ca8d4ee79af4114764f5d0e6cf6ed3b384588c6",1.3849240513134191
2018,10,4,20,0,24.,"3ca8d4ee79af4114764f5d0e6cf6ed3b384588c6",0.40879475330781201
2018,10,4,20,0,41.,"3ca8d4ee79af4114764f5d0e6cf6ed3b384588c6",1.154349013382924
2018,10,5,23,0,7.,"3ca8d4ee79af4114764f5d0e6cf6ed3b384588c6",1.5752736457128229
2018,10,5,23,0,24.,"3ca8d4ee79af4114764f5d0e6cf6ed3b384588c6",0.71965234645174858
2018,10,5,23,0,42.,"3ca8d4ee79af4114764f5d0e6cf6ed3b384588c6",0.51821896731598027
2018,10,7,2,0,8.,"3ca8d4ee79af4114764f5d0e6cf6ed3b384588c6",1.2113797592381736
2018,10,7,2,0,25.,"3ca8d4ee79af4114764f5d0e6cf6ed3b384588c6",1.4685754150545129
2018,10,7,2,0,43.,"3ca8d4ee79af4114764f5d0e6cf6ed3b384588c6",0.95909656551231048
2018,10,8,5,0,6.,"3ca8d4ee79af4114764f5d0e6cf6ed3b384588c6",0.98573239039176164
2018,10,8,5,0,24.,"3ca8d4ee79af4114764f5d0e6cf6ed3b384588c6",0.61531068461900884
2018,10,8,5,0,41.,"3ca8d4ee79af4114764f5d0e6cf6ed3b384588c6",1.9268138670804769
2018,10,9,8,0,9.,"3ca8d4ee79af4114764f5d0e6cf6ed3b384588c6",3.1063823121397549
2018,10,9,8,0,26.,"3ca8d4ee79af4114764f5d0e6cf6ed3b384588c6",0.40280958187035942
2018,10,9,8,0,44.,"3ca8d4ee79af4114764f5d0e6cf6ed3b384588c6",0.91561221051278419
2018,10,10,11,0,9.,"3ca8d4ee79af4114764f5d0e6cf6ed3b384588c6",0.69206114581049816
2018,10,10,11,0,27.,"3ca8d4ee79af4114764f5d0e6cf6ed3b384588c6",0.8453420731456398
2018,10,10,11,0,45.,"3ca8d4ee79af4114764f5d0e6cf6ed3b384588c6",1.4621549377133984
2018,10,11,14,0,6.,"3ca8d4ee79af4114764f5d0e6cf6ed3b384588c6",0.71289974687209989
2018,10,11,14,0,23.,"3ca8d4ee79af4114764f5d0e6cf6ed3b384588c6",0.97086528930738103
2018,10,11,14,0,41.,"3ca8d4ee79af4114764f5d0e6cf6ed3b384588c6",2.6394501418582692
2018,10,12,17,0,8.,"3ca8d4ee79af4114764f5d0e6cf6ed3b384588c6",0.58548311919209972
2018,10,12,17,0,26.,"3ca8d4ee79af4114764f5d0e6cf6ed3b384588c6",0.82409036831627058
2018,10,12,17,0,44.,"3ca8d4ee79af4114764f5d0e6cf6ed3b384588c6",1.4734537675186816
2018,10,13,20,0,5.,"3ca8d4ee79af4114764f5d0e6cf6ed3b384588c6",0.71045000858395202
2018,10,13,20,0,23.,"3ca8d4ee79af4114764f5d0e6cf6ed3b384588c6",0.27264856028733631
2018,10,13,20,0,41.,"3ca8d4ee79af4114764f5d0e6cf6ed3b384588c6",0.4946728162183458
2018,10,14,23,0,6.,"3ca8d4ee79af4114764f5d0e6cf6ed3b384588c6",0.65964869916401669
2018,10,14,23,0,23.,"3ca8d4ee79af4114764f5d0e6cf6ed3b384588c6",1.1745641085152827
2018,10,14,23,0,41.,"3ca8d4ee79af4114764f5d0e6cf6ed3b384588c6",0.66299098720813188
2018,10,16,1,0,7.,"3ca8d4ee79af4114764f5d0e6cf6ed3b384588c6",1.7779752273181861
2018,10,16,1,0,24.,"3ca8d4ee79af4114764f5d0e6cf6ed3b384588c6",0.389578319224412
2018,10,16,1,0,42.,"3ca8d4ee79af4114764f5d0e6cf6ed3b384588c6",1.9063433452122096
2018,10,17,3,0,7.,"3ca8d4ee79af4114764f5d0e6cf6ed3b384588c6",0.5037046602533195
2018,10,17,3,0,24.,"3ca8d4ee79af4114764f5d0e6cf6ed3b384588c6",1.564820149507737
2018,10,17,3,0,42.,"3ca8d4ee79af4114764f5d0e6cf6ed3b384588c6",1.0315103998111361
2018,10,18,5,0,7.,"3ca8d4ee79af4114764f5d0e6cf6ed3b384588c6",2.0911770680198449
2018,10,18,5,0,25.,"3ca8d4ee79af4114764f5d0e6cf6ed3b384588c6",0.47762694969526809
2018,10,18,5,0,42.,"3ca8d4ee79af4114764f5d0e6cf6ed3b384588c6",0.95960316876343255
2018,10,19,7,0,8.,"3ca8d4ee79af4114764f5d0e6cf6ed3b384588c6",0.48217505387261062
2018,10,19,7,0,26.,"3ca8d4ee79af4114764f5d0e6cf6ed3b384588c6",0.37591629914673819
2018,10,19,7,0,44.,"3ca8d4ee79af4114764f5d0e6cf6ed3b384588c6",0.55453509289434466
2018,10,20,9,0,6.,"b6be04f7dcf9291df524a7910d2afb3db1329d2e",0.89253179280383454
2018,10,20,9,0,28.,"b6be04f7dcf9291df524a7910d2afb3db1329d2e",1.1528227391468184
2018,10,20,9,0,49.,"b6be04f7dcf9291df524a7910d2afb3db1329d2e",1.8498582191980435
2018,10,21,11,0,6.,"b6be04f7dcf9291df524a7910d2afb3db1329d2e",1.1405511635850378
2018,10,21,11,0,27.,"b6be04f7dcf9291df524a7910d2afb3db1329d2e",1.6495819484383416
2018,10,21,11,0,49.,"b6be04f7dcf9291df524a7910d2afb3db1329d2e",1.1895831658999061
2018,10,22,13,0,10.,"b6be04f7dcf9291df524a7910d2afb3db1329d2e",0.34017752479550856
2018,10,22,13,0,32.,"b6be04f7dcf9291df524a7910d2afb3db1329d2e",1.7960078911139847
2018,10,22,13,0,53.,"b6be04f7dcf9291df524a7910d2afb3db1329d2e",1.2247469300781208
2018,10,23,15,0,12.,"b6be04f7dcf9291df524a7910d2afb3db1329d2e",0.98793776872866834
2018,10,23,15,0,33.,"b6be04f7dcf9291df524a7910d2afb3db1329d2e",0.7962799318314917
2018,10,23,15,0,55.,"b6be04f7dcf9291df524a7910d2afb3db1329d2e",0.46583008506955092
2018,10,24,17,0,7.,"b6be04f7dcf9291df524a7910d2afb3db1329d2e",0.3479389294598243
2018,10,24,17,0,28.,"b6be04f7dcf9291df524a7910d2afb3db1329d2e",0.41223671123481731
2018,10,24,17,0,50.,"b6be04f7dcf9291df524a7910d2afb3db1329d2e",2.8194759409896628
2018,10,25,19,0,9.,"b6be04f7dcf9291df524a7910d2afb3db1329d2e",0.56255048363870852
2018,10,25,19,0,30.,"b6be04f7dcf9291df524a7910d2afb3db1329d2e",1.2866218018276156
2018,10,25,19,0,52.,"b6be04f7dcf9291df524a7910d2afb3db1329d2e",0.58193972428242069
2018,10,26,21,0,8.,"b6be04f7dcf9291df524a7910d2afb3db1329d2e",1.7003719844891472
2018,10,26,21,0,29.,"b6be04f7dcf9291df524a7910d2afb3db1329d2e",1.3396525693039192
2018,10,26,21,0,50.,"b6be04f7dcf9291df524a7910d2afb3db1329d2e",0.93508868637342402
2018,10,27,23,0,6.,"b6be04f7dcf9291df524a7910d2afb3db1329d2e",0.34339795454116295
2018,10,27,23,0,27.,"b6be04f7dcf9291df524a7910d2afb3db1329d2e",0.70840863045003388
2018,10,27,23,0,49.,"b6be04f7dcf9291df524a7910d2afb3db1329d2e",0.88579471383388198
2018,10,29,0,0,9.,"b6be04f7dcf9291df524a7910d2afb3db1329d2e",1.3010954514187896
2018,10,29,0,0,29.,"b6be04f7dcf9291df524a7910d2afb3db1329d2e",0.98404409706009322
2018,10,29,0,0,51.,"b6be04f7dcf9291df524a7910d2afb3db1329d2e",0.42176648636718062
2018,10,30,2,0,8.,"b6be04f7dcf9291df524a7910d2afb3db1329d2e",0.29088618965264557
2018,10,30,2,0,29.,"b6be04f7dcf9291df524a7910d2afb3db1329d2e",0.86010064681370158
2018,10,30,2,0,50.,"b6be04f7dcf9291df524a7910d2afb3db1329d2e",0.8033016135575346
2018,10,31,4,0,7.,"b3d579e10527edfbccec5ff9cc57cc74d360a639",0.90761798725186038
2018,10,31,4,0,28.,"b3d579e10527edfbccec5ff9cc57cc74d360a639",1.4435197244522335
2018,10,31,4,0,49.,"b3d579e10527edfbccec5ff9cc57cc74d360a639",0.49191521856493359
2018,11,1,6,0,9.,"8f259ca1177cc73696c4b1de23a1a7050cc9fcdb",2.2355536910702889
2018,11,1,6,0,30.,"8f259ca1177cc73696c4b1de23a1a7050cc9fcdb",1.0288183182694821
2018,11,1,6,0,51.,"8f259ca1177cc73696c4b1de23a1a7050cc9fcdb",1.1799274400105659
2018,11,2,8,0,8.,"3725a61a22f9d8d1b6a9ebcaa162ba56b96e5b38",1.1684551959980092
2018,11,2,8,0,29.,"3725a61a22f9d8d1b6a9ebcaa162ba56b96e5b38",0.86407334914565115
2018,11,2,8,0,50.,"3725a61a22f9d8d1b6a9ebcaa162ba56b96e5b38",0.65443332728242698
2018,11,3,10,0,5.,"3725a61a22f9d8d1b6a9ebcaa162ba56b96e5b38",0.64855921896180435
2018,11,3,10,0,26.,"3725a61a22f9d8d1b6a9ebcaa162ba56b96e5b38",1.0838891635797632
2018,11,3,10,0,47.,"3725a61a22f9d8d1b6a9ebcaa162ba56b96e5b38",1.0461915562304873
2018,11,4,12,0,9.,"3725a61a22f9d8d1b6a9ebcaa162ba56b96e5b38",0.78648271166420303
2018,11,4,12,0,30.,"3725a61a22f9d8d1b6a9ebcaa162ba56b96e5b38",2.2957819386638407
2018,11,4,12,0,51.,"3725a61a22f9d8d1b6a9ebcaa162ba56b96e5b38",0.70470773674282672
2018,11,5,14,0,10.,"3725a61a22f9d8d1b6a9ebcaa162ba56b96e5b38",0.52221263119540939
2018,11,5,14,0,31.,"3725a61a22f9d8d1b6a9ebcaa162ba56b96e5b38",2.8958939134637038
2018,11,5,14,0,52.,"3725a61a22f9d8d1b6a9ebcaa162ba56b96e5b38",0.29831859647030257
2018,11,6,16,0,7.,"b98b44238c522bd6b781677b3e73e959b13d6122",0.47861424221909132
2018,11,6,16,0,29.,"b98b44238c522bd6b781677b3e73e959b13d6122",0.2687502917692548
2018,11,6,16,0,50.,"b98b44238c522bd6b781677b3e73e959b13d6122",0.78441808743534747
2018,11,7,18,0,11.,"b98b44238c522bd6b781677b3e73e959b13d6122",1.2911945481442682
2018,11,7,18,0,32.,"b98b44238c522bd6b781677b3e73e959b13d6122",2.4775588861409768
2018,11,7,18,0,53.,"b98b44238c522bd6b781677b3e73e959b13d6122",1.4382757701817601
2018,11,8,20,0,9.,"b98b44238c522bd6b781677b3e73e959b13d6122",1.8495831685413013
2018,11,8,20,0,30.,"b98b44238c522bd6b781677b3e73e959b13d6122",0.93028870989136481
2018,11,8,20,0,51.,"b98b44238c522bd6b781677b3e73e959b13d6122",1.2598695205453017
2018,11,9,22,0,7.,"b98b44238c522bd6b781677b3e73e959b13d6122",0.33449524425455568
2018,11,9,22,0,28.,"b98b44238c522bd6b781677b3e73e959b13d6122",0.7439140803417581
2018,11,9,22,0,50.,"b98b44238c522bd6b781677b3e73e959b13d6122",1.0290616421245247
2018,11,11,0,0,9.,"b98b44238c522bd6b781677b3e73e959b13d6122",0.4478807797574742
2018,11,11,0,0,30.,"b98b44238c522bd6b781677b3e73e959b13d6122",1.3367226202558662
2018,11,11,0,0,51.,"b98b44238c522bd6b781677b3e73e959b13d6122",0.48510980340966636
2018,11,12,2,0,9.,"b98b44238c522bd6b781677b3e73e959b13d6122",0.76388399968378939
2018,11,12,2,0,30.,"b98b44238c522bd6b781677b3e73e959b13d6122",0.80383982635259676
2018,11,12,2,0,51.,"b98b44238c522bd6b781677b3e73e959b13d6122",0.25211500234047479
2018,11,13,4,0,8.,"b98b44238c522bd6b781677b3e73e959b13d6122",0.62935486085258408
2018,11,13,4,0,29.,"b98b44238c522bd6b781677b3e73e959b13d6122",1.2142595578504221
2018,11,13,4,0,50.,"b98b44238c522bd6b781677b3e73e959b13d6122",0.63821610001407736
2018,11,14,20,0,10.,"bab7147680aa07c30c95e22d472dbc4eea110fb4",0.40412746925035803
2018,11,14,20,0,40.,"bab7147680aa07c30c95e22d472dbc4eea110fb4",0.97079637061045254
2018,11,14,20,1,9.,"bab7147680aa07c30c95e22d472dbc4eea110fb4",1.0481063591956317
2018,11,16,5,0,8.,"bab7147680aa07c30c95e22d472dbc4eea110fb4",1.1231057458003035
2018,11,16,5,0,39.,"bab7147680aa07c30c95e22d472dbc4eea110fb4",0.45861770407413349
2018,11,16,5,1,11.,"bab7147680aa07c30c95e22d472dbc4eea110fb4",0.26776120880387344
2018,11,17,10,0,7.,"b6ebf5338a502e94c295fcb1393ac915d5890b7f",0.45097546788738652
2018,11,17,10,0,34.,"b6ebf5338a502e94c295fcb1393ac915d5890b7f",0.62967973825984602
2018,11,17,10,1,1.,"b6ebf5338a502e94c295fcb1393ac915d5890b7f",0.67949729121433622
2018,11,18,16,0,8.,"b6ebf5338a502e94c295fcb1393ac915d5890b7f",1.7434262611638043
2018,11,18,16,0,35.,"b6ebf5338a502e94c295fcb1393ac915d5890b7f",0.7418188776864183
2018,11,18,16,1,2.,"b6ebf5338a502e94c295fcb1393ac915d5890b7f",0.47994673175473501
2018,11,19,21,0,9.,"b6ebf5338a502e94c295fcb1393ac915d5890b7f",3.3361411046371217
2018,11,19,21,0,30.,"b6ebf5338a502e94c295fcb1393ac915d5890b7f",0.79711338460096748
2018,11,19,21,0,52.,"b6ebf5338a502e94c295fcb1393ac915d5890b7f",0.36173858336239828
2018,11,21,4,0,10.,"3032b4b9ded7645122a414c6c4ffcc8a523c7560",2.0466228429763711
2018,11,21,4,0,29.,"3032b4b9ded7645122a414c6c4ffcc8a523c7560",1.3437338745120595
2018,11,21,4,0,48.,"3032b4b9ded7645122a414c6c4ffcc8a523c7560",0.74405822279156819
2018,11,22,10,0,10.,"3032b4b9ded7645122a414c6c4ffcc8a523c7560",0.66128629872104039
2018,11,22,10,0,31.,"3032b4b9ded7645122a414c6c4ffcc8a523c7560",6.535915021520605
2018,11,22,10,0,53.,"3032b4b9ded7645122a414c6c4ffcc8a523c7560",0.56390703365174866
2018,11,23,15,0,8.,"4007917cc5e46140ddcee47347d7a0e397f31e05",0.34244539759938908
2018,11,23,15,0,29.,"4007917cc5e46140ddcee47347d7a0e397f31e05",1.0961832425267333
2018,11,23,15,0,50.,"4007917cc5e46140ddcee47347d7a0e397f31e05",1.2420824099811316
2018,11,24,20,0,6.,"4007917cc5e46140ddcee47347d7a0e397f31e05",1.314911029814037
2018,11,24,20,0,28.,"4007917cc5e46140ddcee47347d7a0e397f31e05",0.54012330005308451
2018,11,24,20,0,49.,"4007917cc5e46140ddcee47347d7a0e397f31e05",0.61251973583213282
2018,11,26,1,0,10.,"4007917cc5e46140ddcee47347d7a0e397f31e05",0.50922535736825392
2018,11,26,1,0,31.,"4007917cc5e46140ddcee47347d7a0e397f31e05",1.6800483484435409
2018,11,26,1,0,52.,"4007917cc5e46140ddcee47347d7a0e397f31e05",0.79682789808345156
2018,11,27,6,0,8.,"4007917cc5e46140ddcee47347d7a0e397f31e05",1.826098136493091
2018,11,27,6,0,29.,"4007917cc5e46140ddcee47347d7a0e397f31e05",0.48479267799125658
2018,11,27,6,0,51.,"4007917cc5e46140ddcee47347d7a0e397f31e05",0.6116762550601198
2018,11,28,12,0,12.,"4007917cc5e46140ddcee47347d7a0e397f31e05",1.1747572870164449
2018,11,28,12,0,33.,"4007917cc5e46140ddcee47347d7a0e397f31e05",0.95932821663753787
2018,11,28,12,0,54.,"4007917cc5e46140ddcee47347d7a0e397f31e05",1.3655757142407445
2018,11,29,17,0,8.,"951b7e794f496a76d1f6f5558ff250bd30a69c9b",0.4072096365785769
2018,11,29,17,0,29.,"951b7e794f496a76d1f6f5558ff250bd30a69c9b",1.7676540839365451
2018,11,29,17,0,50.,"951b7e794f496a76d1f6f5558ff250bd30a69c9b",1.494516571985649
2018,11,30,22,0,10.,"7c0d5748058e4a59b60a1654c167ee3e87d6b342",0.4535091248760641
2018,11,30,22,0,31.,"7c0d5748058e4a59b60a1654c167ee3e87d6b342",0.28737699789050897
2018,11,30,22,0,53.,"7c0d5748058e4a59b60a1654c167ee3e87d6b342",0.99644551561806849
2018,12,2,3,0,7.,"7c0d5748058e4a59b60a1654c167ee3e87d6b342",1.4410571090402846
2018,12,2,3,0,29.,"7c0d5748058e4a59b60a1654c167ee3e87d6b342",0.69256578085734155
2018,12,2,3,0,50.,"7c0d5748058e4a59b60a1654c167ee3e87d6b342",0.54198778853662644
2018,12,3,8,0,8.,"7c0d5748058e4a59b60a1654c167ee3e87d6b342",4.2691054394056955
2018,12,3,8,0,29.,"7c0d5748058e4a59b60a1654c167ee3e87d6b342",1.536788087852297
2018,12,3,8,0,50.,"7c0d5748058e4a59b60a1654c167ee3e87d6b342",1.6717337752754871
2018,12,4,13,0,7.,"7c0d5748058e4a59b60a1654c167ee3e87d6b342",0.20314609971531894
2018,12,4,13,0,28.,"7c0d5748058e4a59b60a1654c167ee3e87d6b342",0.4604247712080376
2018,12,4,13,0,50.,"7c0d5748058e4a59b60a1654c167ee3e87d6b342",0.85935002381329539
2018,12,5,18,0,7.,"7c0d5748058e4a59b60a1654c167ee3e87d6b342",0.9860057676566969
2018,12,5,18,0,29.,"7c0d5748058e4a59b60a1654c167ee3e87d6b342",0.40392732106748452
2018,12,5,18,0,51.,"7c0d5748058e4a59b60a1654c167ee3e87d6b342",0.96963607792056417
2018,12,6,22,0,9.,"7c0d5748058e4a59b60a1654c167ee3e87d6b342",0.55244736832404584
2018,12,6,22,0,30.,"7c0d5748058e4a59b60a1654c167ee3e87d6b342",0.75151587145541887
2018,12,6,22,0,52.,"7c0d5748058e4a59b60a1654c167ee3e87d6b342",0.64865552793435599
2018,12,8,3,0,7.,"7c0d5748058e4a59b60a1654c167ee3e87d6b342",0.48840440995984036
2018,12,8,3,0,29.,"7c0d5748058e4a59b60a1654c167ee3e87d6b342",0.56642938756253836
2018,12,8,3,0,50.,"7c0d5748058e4a59b60a1654c167ee3e87d6b342",3.0140299518417342
2018,12,9,8,0,7.,"7c0d5748058e4a59b60a1654c167ee3e87d6b342",0.31332741641770756
2018,12,9,8,0,28.,"7c0d5748058e4a59b60a1654c167ee3e87d6b342",0.93604141408453589
2018,12,9,8,0,49.,"7c0d5748058e4a59b60a1654c167ee3e87d6b342",1.990681386990393
2018,12,10,13,0,10.,"7c0d5748058e4a59b60a1654c167ee3e87d6b342",0.99065515775813218
2018,12,10,13,0,31.,"7c0d5748058e4a59b60a1654c167ee3e87d6b342",1.4664919929713873
2018,12,10,13,0,52.,"7c0d5748058e4a59b60a1654c167ee3e87d6b342",1.7189023380155812
2018,12,11,18,0,10.,"d46dedf1b1af1285b7e45312288d4292407eb482",0.60774315909458521
2018,12,11,18,0,31.,"d46dedf1b1af1285b7e45312288d4292407eb482",0.67050770002725857
2018,12,11,18,0,52.,"d46dedf1b1af1285b7e45312288d4292407eb482",1.007257307874367
2018,12,12,23,0,9.,"d46dedf1b1af1285b7e45312288d4292407eb482",0.67573855017157669
2018,12,12,23,0,30.,"d46dedf1b1af1285b7e45312288d4292407eb482",0.3352992953344589
2018,12,12,23,0,51.,"d46dedf1b1af1285b7e45312288d4292407eb482",0.55013431818917935
2018,12,14,4,0,8.,"ed1bd6a2a679303b924a25b54420acb4baff4979",1.0822793131918624
2018,12,14,4,0,30.,"ed1bd6a2a679303b924a25b54420acb4baff4979",1.268662519260829
2018,12,14,4,0,51.,"ed1bd6a2a679303b924a25b54420acb4baff4979",0.67014084781726302
2018,12,15,9,0,6.,"ed1bd6a2a679303b924a25b54420acb4baff4979",1.6325459417840062
2018,12,15,9,0,28.,"ed1bd6a2a679303b924a25b54420acb4baff4979",0.87020710691587722
2018,12,15,9,0,49.,"ed1bd6a2a679303b924a25b54420acb4baff4979",0.58702880615733344
2018,12,16,14,0,9.,"ed1bd6a2a679303b924a25b54420acb4baff4979",0.90018173879603358
2018,12,16,14,0,30.,"ed1bd6a2a679303b924a25b54420acb4baff4979",0.88037784168249944
2018,12,16,14,0,51.,"ed1bd6a2a679303b924a25b54420acb4baff4979",1.2883312869885657
2018,12,17,19,0,9.,"ed1bd6a2a679303b924a25b54420acb4baff4979",1.1821311720569563
2018,12,17,19,0,30.,"ed1bd6a2a679303b924a25b54420acb4baff4979",0.51559612989460257
2018,12,17,19,0,51.,"ed1bd6a2a679303b924a25b54420acb4baff4979",1.0763691399833508
2018,12,19,0,0,9.,"ed1bd6a2a679303b924a25b54420acb4baff4979",0.52173895166736206
2018,12,19,0,0,30.,"ed1bd6a2a679303b924a25b54420acb4baff4979",1.2067503347765478
2018,12,19,0,0,50.,"ed1bd6a2a679303b924a25b54420acb4baff4979",1.3150422700799198
2018,12,20,5,0,10.,"ed1bd6a2a679303b924a25b54420acb4baff4979",1.8959497450438452
2018,12,20,5,0,30.,"ed1bd6a2a679303b924a25b54420acb4baff4979",0.75906782696493957
2018,12,20,5,0,51.,"ed1bd6a2a679303b924a25b54420acb4baff4979",1.5294374984751196
2018,12,21,12,0,10.,"ed1bd6a2a679303b924a25b54420acb4baff4979",0.48336897990886651
2018,12,21,12,0,28.,"ed1bd6a2a679303b924a25b54420acb4baff4979",2.3124751851123118
2018,12,21,12,0,46.,"ed1bd6a2a679303b924a25b54420acb4baff4979",0.77885690224685833
2018,12,22,18,0,7.,"ed1bd6a2a679303b924a25b54420acb4baff4979",0.33605960998074824
2018,12,22,18,0,26.,"ed1bd6a2a679303b924a25b54420acb4baff4979",1.301553906516717
2018,12,22,18,0,45.,"ed1bd6a2a679303b924a25b54420acb4baff4979",0.89031683984202314
2018,12,24,0,0,7.,"ed1bd6a2a679303b924a25b54420acb4baff4979",2.1407227623650731
2018,12,24,0,0,28.,"ed1bd6a2a679303b924a25b54420acb4baff4979",0.48725329461704003
2018,12,24,0,0,50.,"ed1bd6a2a679303b924a25b54420acb4baff4979",3.036735151700908
2018,12,25,5,0,9.,"ed1bd6a2a679303b924a25b54420acb4baff4979",0.68748390230837986
2018,12,25,5,0,30.,"ed1bd6a2a679303b924a25b54420acb4baff4979",0.69690593952272195
2018,12,25,5,0,52.,"ed1bd6a2a679303b924a25b54420acb4baff4979",0.57997519778230755
2018,12,26,10,0,9.,"ed1bd6a2a679303b924a25b54420acb4baff4979",1.0506394338704563
2018,12,26,10,0,31.,"ed1bd6a2a679303b924a25b54420acb4baff4979",1.2319573105544657
2018,12,26,10,0,52.,"ed1bd6a2a679303b924a25b54420acb4baff4979",0.7019640119311652
2018,12,27,15,0,6.,"ed1bd6a2a679303b924a25b54420acb4baff4979",0.67494371884168469
2018,12,27,15,0,28.,"ed1bd6a2a679303b924a25b54420acb4baff4979",1.8719058649930616
2018,12,27,15,0,49.,"ed1bd6a2a679303b924a25b54420acb4baff4979",0.34004599810931735
2018,12,28,20,0,7.,"ed1bd6a2a679303b924a25b54420acb4baff4979",0.68898442526662995
2018,12,28,20,0,28.,"ed1bd6a2a679303b924a25b54420acb4baff4979",1.1203158912992199
2018,12,28,20,0,50.,"ed1bd6a2a679303b924a25b54420acb4baff4979",2.2417552993719925
2018,12,30,1,0,9.,"ed1bd6a2a679303b924a25b54420acb4baff4979",0.4476524665937025
2018,12,30,1,0,30.,"ed1bd6a2a679303b924a25b54420acb4baff4979",0.56107537338793945
2018,12,30,1,0,52.,"ed1bd6a2a679303b924a25b54420acb4baff4979",0.52483348093258453
2018,12,31,6,0,9.,"ed1bd6a2a679303b924a25b54420acb4baff4979",0.65268226373374905
2018,12,31,6,0,30.,"ed1bd6a2a679303b924a25b54420acb4baff4979",0.32167027584889141
2018,12,31,6,0,52.,"ed1bd6a2a679303b924a25b54420acb4baff4979",0.83877094649727213
2019,1,1,11,0,8.,"ed1bd6a2a679303b924a25b54420acb4baff4979",2.3549457565171075
2019,1,1,11,0,30.,"ed1bd6a2a679303b924a25b54420acb4baff4979",0.30284114102105342
2019,1,1,11,0,51.,"ed1bd6a2a679303b924a25b54420acb4baff4979",1.1262968098032893
2019,1,2,16,0,8.,"ed1bd6a2a679303b924a25b54420acb4baff4979",0.60477981731807917
2019,1,2,16,0,29.,"ed1bd6a2a679303b924a25b54420acb4baff4979",0.76524052360923656
2019,1,2,16,0,51.,"ed1bd6a2a679303b924a25b54420acb4baff4979",0.61861522826706095
2019,1,3,21,0,7.,"ed1bd6a2a679303b924a25b54420acb4baff4979",1.3304113460915108
2019,1,3,21,0,28.,"ed1bd6a2a679303b924a25b54420acb4baff4979",0.79122884915754566
2019,1,3,21,0,49.,"ed1bd6a2a679303b924a25b54420acb4baff4979",1.3463134967699788
2019,1,5,2,0,9.,"ed1bd6a2a679303b924a25b54420acb4baff4979",0.73314771029276082
2019,1,5,2,0,30.,"ed1bd6a2a679303b924a25b54420acb4baff4979",2.7749164236447155
2019,1,5,2,0,52.,"ed1bd6a2a679303b924a25b54420acb4baff4979",2.195908291240332
2019,1,6,7,0,8.,"ed1bd6a2a679303b924a25b54420acb4baff4979",1.7998590902516516
2019,1,6,7,0,29.,"ed1bd6a2a679303b924a25b54420acb4baff4979",1.1148384334473112
2019,1,6,7,0,50.,"ed1bd6a2a679303b924a25b54420acb4baff4979",0.97112418091675501
2019,1,7,12,0,9.,"ed1bd6a2a679303b924a25b54420acb4baff4979",0.45917092118510094
2019,1,7,12,0,30.,"ed1bd6a2a679303b924a25b54420acb4baff4979",0.92193815681818658
2019,1,7,12,0,51.,"ed1bd6a2a679303b924a25b54420acb4baff4979",0.64289397559941275
2019,1,8,17,0,8.,"ed1bd6a2a679303b924a25b54420acb4baff4979",0.59618773357357258
2019,1,8,17,0,29.,"ed1bd6a2a679303b924a25b54420acb4baff4979",0.94653633507695734
2019,1,8,17,0,51.,"ed1bd6a2a679303b924a25b54420acb4baff4979",0.8185094325717488
2019,1,9,22,0,10.,"4456013598941a16c5df13ad15c8d0007804a60f",1.1084072279358552
2019,1,9,22,0,32.,"4456013598941a16c5df13ad15c8d0007804a60f",2.4781106067296195
2019,1,9,22,0,53.,"4456013598941a16c5df13ad15c8d0007804a60f",1.2091902323651311
2019,1,11,3,0,9.,"4456013598941a16c5df13ad15c8d0007804a60f",0.6026044311738552
2019,1,11,3,0,31.,"4456013598941a16c5df13ad15c8d0007804a60f",5.607503179935728
2019,1,11,3,0,52.,"4456013598941a16c5df13ad15c8d0007804a60f",1.7111360779027036
2019,1,12,8,0,8.,"4456013598941a16c5df13ad15c8d0007804a60f",0.50799108464338616
2019,1,12,8,0,30.,"4456013598941a16c5df13ad15c8d0007804a60f",0.47467000369921575
2019,1,12,8,0,51.,"4456013598941a16c5df13ad15c8d0007804a60f",0.64105613497044867
2019,1,13,13,0,7.,"4456013598941a16c5df13ad15c8d0007804a60f",2.172343747028374
2019,1,13,13,0,29.,"4456013598941a16c5df13ad15c8d0007804a60f",0.93902348716308159
2019,1,13,13,0,50.,"4456013598941a16c5df13ad15c8d0007804a60f",2.1487122093220563
2019,1,14,18,0,8.,"4456013598941a16c5df13ad15c8d0007804a60f",1.2769099828175028
2019,1,14,18,0,29.,"4456013598941a16c5df13ad15c8d0007804a60f",0.59409680745409554
2019,1,14,18,0,50.,"4456013598941a16c5df13ad15c8d0007804a60f",3.7951967487269318
2019,1,16,0,0,12.,"e6fde00fe34d19c1ddec5556e2420e1dc66dd55d",0.70493159395070615
2019,1,16,0,0,35.,"e6fde00fe34d19c1ddec5556e2420e1dc66dd55d",1.1030887168741694
2019,1,16,0,0,59.,"e6fde00fe34d19c1ddec5556e2420e1dc66dd55d",2.350532522995811
2019,1,17,4,0,9.,"e6fde00fe34d19c1ddec5556e2420e1dc66dd55d",0.60618890856002761
2019,1,17,4,0,30.,"e6fde00fe34d19c1ddec5556e2420e1dc66dd55d",0.84518411744275745
2019,1,17,4,0,51.,"e6fde00fe34d19c1ddec5556e2420e1dc66dd55d",1.0742601945789096
2019,1,18,9,0,8.,"e6fde00fe34d19c1ddec5556e2420e1dc66dd55d",0.5619100568329598
2019,1,18,9,0,29.,"e6fde00fe34d19c1ddec5556e2420e1dc66dd55d",1.5683097586248613
2019,1,18,9,0,51.,"e6fde00fe34d19c1ddec5556e2420e1dc66dd55d",0.46212967754494838
2019,1,19,14,0,10.,"e6fde00fe34d19c1ddec5556e2420e1dc66dd55d",0.42142100343314937
2019,1,19,14,0,31.,"e6fde00fe34d19c1ddec5556e2420e1dc66dd55d",0.35057629768237364
2019,1,19,14,0,52.,"e6fde00fe34d19c1ddec5556e2420e1dc66dd55d",1.6724089202957782
2019,1,20,19,0,9.,"e6fde00fe34d19c1ddec5556e2420e1dc66dd55d",1.5565116054569934
2019,1,20,19,0,29.,"e6fde00fe34d19c1ddec5556e2420e1dc66dd55d",0.55007440496751636
2019,1,20,19,0,50.,"e6fde00fe34d19c1ddec5556e2420e1dc66dd55d",5.7146860082571838
2019,1,22,0,0,9.,"e6fde00fe34d19c1ddec5556e2420e1dc66dd55d",0.45277640587077172
2019,1,22,0,0,30.,"e6fde00fe34d19c1ddec5556e2420e1dc66dd55d",0.75732091474524577
2019,1,22,0,0,51.,"e6fde00fe34d19c1ddec5556e2420e1dc66dd55d",1.3487682755453001
2019,1,23,5,0,7.,"2e2ae6f4660d929795233eff836e24bafe5485b5",0.51873855004316694
2019,1,23,5,0,28.,"2e2ae6f4660d929795233eff836e24bafe5485b5",1.0315236001289634
2019,1,23,5,0,49.,"2e2ae6f4660d929795233eff836e24bafe5485b5",0.18017551357485395
2019,1,24,10,0,12.,"15babcc994ec3c3567bff57b7df8e986cb2b4543",0.51980516698910151
2019,1,24,10,0,34.,"15babcc994ec3c3567bff57b7df8e986cb2b4543",0.75932307798162579
2019,1,24,10,0,55.,"15babcc994ec3c3567bff57b7df8e986cb2b4543",0.40519121192412722
2019,1,25,15,0,10.,"15babcc994ec3c3567bff57b7df8e986cb2b4543",1.0554839799877751
2019,1,25,15,0,31.,"15babcc994ec3c3567bff57b7df8e986cb2b4543",0.67707327837902342
2019,1,25,15,0,52.,"15babcc994ec3c3567bff57b7df8e986cb2b4543",1.3313857226684611
2019,1,26,20,0,8.,"15babcc994ec3c3567bff57b7df8e986cb2b4543",0.2413062556650396
2019,1,26,20,0,29.,"15babcc994ec3c3567bff57b7df8e986cb2b4543",0.53920193520314541
2019,1,26,20,0,50.,"15babcc994ec3c3567bff57b7df8e986cb2b4543",2.736031299728745
2019,1,28,1,0,7.,"15babcc994ec3c3567bff57b7df8e986cb2b4543",0.71737778197945001
2019,1,28,1,0,29.,"15babcc994ec3c3567bff57b7df8e986cb2b4543",0.70043349931203114
2019,1,28,1,0,50.,"15babcc994ec3c3567bff57b7df8e986cb2b4543",0.80056373909817302
2019,1,29,6,0,10.,"15babcc994ec3c3567bff57b7df8e986cb2b4543",0.38751022100269106
2019,1,29,6,0,31.,"15babcc994ec3c3567bff57b7df8e986cb2b4543",0.68960962637934209
2019,1,29,6,0,53.,"15babcc994ec3c3567bff57b7df8e986cb2b4543",0.96796479234215704
2019,1,30,11,0,10.,"f60279cc5ab29579e35510a13659b2661292b192",0.7222274035103462
2019,1,30,11,0,31.,"f60279cc5ab29579e35510a13659b2661292b192",0.67975195304267988
2019,1,30,11,0,52.,"f60279cc5ab29579e35510a13659b2661292b192",0.99689805805848874
2019,1,31,16,0,12.,"f60279cc5ab29579e35510a13659b2661292b192",1.7177980394613095
2019,1,31,16,0,33.,"f60279cc5ab29579e35510a13659b2661292b192",0.41303118523620341
2019,1,31,16,0,54.,"f60279cc5ab29579e35510a13659b2661292b192",0.78291395833492094
2019,2,1,21,0,9.,"f60279cc5ab29579e35510a13659b2661292b192",1.843727032421453
2019,2,1,21,0,30.,"f60279cc5ab29579e35510a13659b2661292b192",3.1192291044865446
2019,2,1,21,0,51.,"f60279cc5ab29579e35510a13659b2661292b192",1.2715167391553464
2019,2,3,2,0,10.,"f60279cc5ab29579e35510a13659b2661292b192",1.6953606551046585
2019,2,3,2,0,31.,"f60279cc5ab29579e35510a13659b2661292b192",1.0259363518435549
2019,2,3,2,0,52.,"f60279cc5ab29579e35510a13659b2661292b192",0.79836042713394573
2019,2,4,7,0,7.,"f60279cc5ab29579e35510a13659b2661292b192",1.028938547133567
2019,2,4,7,0,29.,"f60279cc5ab29579e35510a13659b2661292b192",4.8521867265405634
2019,2,4,7,0,50.,"f60279cc5ab29579e35510a13659b2661292b192",0.69819916720411923
2019,2,5,12,0,11.,"d0e5d3a24c7277f3498eb4b7d8861dbe5f2d5463",0.34639541667185503
2019,2,5,12,0,32.,"d0e5d3a24c7277f3498eb4b7d8861dbe5f2d5463",0.39815650683080594
2019,2,5,12,0,53.,"d0e5d3a24c7277f3498eb4b7d8861dbe5f2d5463",0.51394916825582149
2019,2,6,17,0,12.,"60bd0537ad8a04f9ac46a2a30af1059b90e9ae1a",0.99038569990347192
2019,2,6,17,0,33.,"60bd0537ad8a04f9ac46a2a30af1059b90e9ae1a",0.84491213104013729
2019,2,6,17,0,54.,"60bd0537ad8a04f9ac46a2a30af1059b90e9ae1a",1.7711356571846428
2019,2,7,22,0,9.,"0c1ad562355579df6ead0908da1a8bd1b354ad23",1.0161329984312233
2019,2,7,22,0,30.,"0c1ad562355579df6ead0908da1a8bd1b354ad23",1.4165872001362794
2019,2,7,22,0,51.,"0c1ad562355579df6ead0908da1a8bd1b354ad23",0.35185834092013124
2019,2,9,3,0,9.,"0a4eba1b041bcbd7e5808f9b80154edd80dcbee7",0.4224737312809661
2019,2,9,3,0,30.,"0a4eba1b041bcbd7e5808f9b80154edd80dcbee7",1.488698930203106
2019,2,9,3,0,51.,"0a4eba1b041bcbd7e5808f9b80154edd80dcbee7",0.92231818088969231
2019,2,10,8,0,7.,"0a4eba1b041bcbd7e5808f9b80154edd80dcbee7",0.538645750365085
2019,2,10,8,0,28.,"0a4eba1b041bcbd7e5808f9b80154edd80dcbee7",0.4656628922673749
2019,2,10,8,0,49.,"0a4eba1b041bcbd7e5808f9b80154edd80dcbee7",0.98495333216200587
2019,2,11,13,0,10.,"0a4eba1b041bcbd7e5808f9b80154edd80dcbee7",1.4665853399828874
2019,2,11,13,0,31.,"0a4eba1b041bcbd7e5808f9b80154edd80dcbee7",1.2276898332375996
2019,2,11,13,0,52.,"0a4eba1b041bcbd7e5808f9b80154edd80dcbee7",1.2765824250208815
2019,2,12,18,0,12.,"b4904ffbf3605f1e952b4c301c9d1a7b1a3ed781",0.8520288270471561
2019,2,12,18,0,33.,"b4904ffbf3605f1e952b4c301c9d1a7b1a3ed781",0.44859792205657412
2019,2,12,18,0,54.,"b4904ffbf3605f1e952b4c301c9d1a7b1a3ed781",0.67458258894308831
2019,2,20,4,0,17.,"2a08b15579902037adec1835424b5cb107e70065",0.51286206400132794
2019,2,20,4,0,38.,"2a08b15579902037adec1835424b5cb107e70065",3.4345770730642098
2019,2,20,4,0,59.,"2a08b15579902037adec1835424b5cb107e70065",1.1683445715615521
2019,2,21,9,0,7.,"f9b72f1e1951c057f0334fa274f426987ed23476",1.0996863767801566
2019,2,21,9,0,28.,"f9b72f1e1951c057f0334fa274f426987ed23476",1.1196676739468767
2019,2,21,9,0,49.,"f9b72f1e1951c057f0334fa274f426987ed23476",5.1852878339343853
2019,3,27,14,0,9.,"bd1c11472ff3ec0990f3d55f0b2f20d92397926d",5.8245918276755457
2019,3,27,14,0,30.,"bd1c11472ff3ec0990f3d55f0b2f20d92397926d",0.85982922218088653
2019,3,27,14,0,51.,"bd1c11472ff3ec0990f3d55f0b2f20d92397926d",0.87469851216102112
2019,3,27,14,1,12.,"bd1c11472ff3ec0990f3d55f0b2f20d92397926d",0.83841213117415236
2019,3,27,14,1,34.,"bd1c11472ff3ec0990f3d55f0b2f20d92397926d",2.1171087604258312
2019,3,28,19,0,10.,"bd1c11472ff3ec0990f3d55f0b2f20d92397926d",0.91882461181580499
2019,3,28,19,0,31.,"bd1c11472ff3ec0990f3d55f0b2f20d92397926d",0.80300730544609955
2019,3,28,19,0,52.,"bd1c11472ff3ec0990f3d55f0b2f20d92397926d",0.56992576997624544
2019,3,28,19,1,12.,"bd1c11472ff3ec0990f3d55f0b2f20d92397926d",3.0471946573789648
2019,3,28,19,1,33.,"bd1c11472ff3ec0990f3d55f0b2f20d92397926d",0.74125784603101086
2019,4,2,9,0,13.,"bd1c11472ff3ec0990f3d55f0b2f20d92397926d",1.1276524325653727
2019,4,2,9,0,34.,"bd1c11472ff3ec0990f3d55f0b2f20d92397926d",0.81020747470486354
2019,4,2,9,0,54.,"bd1c11472ff3ec0990f3d55f0b2f20d92397926d",0.96802318730758774
2019,4,2,9,1,15.,"bd1c11472ff3ec0990f3d55f0b2f20d92397926d",0.62622080145276637
2019,4,2,9,1,35.,"bd1c11472ff3ec0990f3d55f0b2f20d92397926d",3.2058452061611291
2019,4,3,14,0,9.,"5e298af7bf1c9163d36b8ffb60312c554afbbb11",0.3112136818700808
2019,4,3,14,0,30.,"5e298af7bf1c9163d36b8ffb60312c554afbbb11",1.1823090746533431
2019,4,3,14,0,51.,"5e298af7bf1c9163d36b8ffb60312c554afbbb11",0.98686207846434271
2019,4,3,14,1,12.,"5e298af7bf1c9163d36b8ffb60312c554afbbb11",1.0976411110679631
2019,4,3,14,1,33.,"5e298af7bf1c9163d36b8ffb60312c554afbbb11",0.74306189539325884
2019,4,4,19,0,9.,"5e298af7bf1c9163d36b8ffb60312c554afbbb11",0.83408100203591418
2019,4,4,19,0,29.,"5e298af7bf1c9163d36b8ffb60312c554afbbb11",1.118714019246541
2019,4,4,19,0,50.,"5e298af7bf1c9163d36b8ffb60312c554afbbb11",0.60842089336174654
2019,4,4,19,1,11.,"5e298af7bf1c9163d36b8ffb60312c554afbbb11",0.39822319171943965
2019,4,4,19,1,32.,"5e298af7bf1c9163d36b8ffb60312c554afbbb11",1.5144328957868067
2019,4,6,0,0,8.,"5e298af7bf1c9163d36b8ffb60312c554afbbb11",1.302953578471783
2019,4,6,0,0,29.,"5e298af7bf1c9163d36b8ffb60312c554afbbb11",1.7417951244424241
2019,4,6,0,0,49.,"5e298af7bf1c9163d36b8ffb60312c554afbbb11",1.4916729755134002
2019,4,6,0,1,10.,"5e298af7bf1c9163d36b8ffb60312c554afbbb11",0.79675250734093384
2019,4,6,0,1,31.,"5e298af7bf1c9163d36b8ffb60312c554afbbb11",0.2042100543105505
2019,4,7,5,0,7.,"5e298af7bf1c9163d36b8ffb60312c554afbbb11",2.8672498516615668
2019,4,7,5,0,28.,"5e298af7bf1c9163d36b8ffb60312c554afbbb11",1.0283655017328766
2019,4,7,5,0,48.,"5e298af7bf1c9163d36b8ffb60312c554afbbb11",0.42204207968294538
2019,4,7,5,1,9.,"5e298af7bf1c9163d36b8ffb60312c554afbbb11",1.4635177702399012
2019,4,7,5,1,30.,"5e298af7bf1c9163d36b8ffb60312c554afbbb11",1.9893108025932391
2019,4,8,10,0,7.,"5e298af7bf1c9163d36b8ffb60312c554afbbb11",1.6575056390741931
2019,4,8,10,0,27.,"5e298af7bf1c9163d36b8ffb60312c554afbbb11",0.86659381895260901
2019,4,8,10,0,48.,"5e298af7bf1c9163d36b8ffb60312c554afbbb11",1.7634197143341037
2019,4,8,10,1,9.,"5e298af7bf1c9163d36b8ffb60312c554afbbb11",1.4541004604742476
2019,4,8,10,1,29.,"5e298af7bf1c9163d36b8ffb60312c554afbbb11",1.3727265352121156
2019,4,9,15,0,8.,"5e298af7bf1c9163d36b8ffb60312c554afbbb11",0.9742659161018774
2019,4,9,15,0,34.,"5e298af7bf1c9163d36b8ffb60312c554afbbb11",1.5641227003293343
2019,4,9,15,1,1.,"5e298af7bf1c9163d36b8ffb60312c554afbbb11",2.8654796938605056
2019,4,9,15,1,28.,"5e298af7bf1c9163d36b8ffb60312c554afbbb11",0.66065479189542309
2019,4,9,15,1,55.,"5e298af7bf1c9163d36b8ffb60312c554afbbb11",0.59845900414808995
2019,4,10,20,0,9.,"5e298af7bf1c9163d36b8ffb60312c554afbbb11",1.2308357584015832
2019,4,10,20,0,29.,"5e298af7bf1c9163d36b8ffb60312c554afbbb11",0.68484362425537304
2019,4,10,20,0,50.,"5e298af7bf1c9163d36b8ffb60312c554afbbb11",6.6873465874966405
2019,4,10,20,1,11.,"5e298af7bf1c9163d36b8ffb60312c554afbbb11",0.76643919944766736
2019,4,10,20,1,32.,"5e298af7bf1c9163d36b8ffb60312c554afbbb11",1.1154613462298064
2019,4,12,1,0,8.,"5e298af7bf1c9163d36b8ffb60312c554afbbb11",0.94257800054148033
2019,4,12,1,0,29.,"5e298af7bf1c9163d36b8ffb60312c554afbbb11",0.51271961924251386
2019,4,12,1,0,49.,"5e298af7bf1c9163d36b8ffb60312c554afbbb11",0.53563877507009128
2019,4,12,1,1,10.,"5e298af7bf1c9163d36b8ffb60312c554afbbb11",0.86487914027472268
2019,4,12,1,1,31.,"5e298af7bf1c9163d36b8ffb60312c554afbbb11",0.87858394136597617
2019,4,13,6,0,7.,"5e298af7bf1c9163d36b8ffb60312c554afbbb11",0.28827959287794358
2019,4,13,6,0,28.,"5e298af7bf1c9163d36b8ffb60312c554afbbb11",0.83618490729630968
2019,4,13,6,0,48.,"5e298af7bf1c9163d36b8ffb60312c554afbbb11",3.235202238754983
2019,4,13,6,1,9.,"5e298af7bf1c9163d36b8ffb60312c554afbbb11",1.0734949377017222
2019,4,13,6,1,30.,"5e298af7bf1c9163d36b8ffb60312c554afbbb11",1.4405438689053693
2019,4,14,11,0,6.,"5e298af7bf1c9163d36b8ffb60312c554afbbb11",2.3571557068855986
2019,4,14,11,0,27.,"5e298af7bf1c9163d36b8ffb60312c554afbbb11",1.331362998209185
2019,4,14,11,0,48.,"5e298af7bf1c9163d36b8ffb60312c554afbbb11",0.67526488025533871
2019,4,14,11,1,9.,"5e298af7bf1c9163d36b8ffb60312c554afbbb11",1.1118465716373489
2019,4,14,11,1,29.,"5e298af7bf1c9163d36b8ffb60312c554afbbb11",0.76153301018617126
2019,4,15,16,0,9.,"5e298af7bf1c9163d36b8ffb60312c554afbbb11",0.82302886840738365
2019,4,15,16,0,30.,"5e298af7bf1c9163d36b8ffb60312c554afbbb11",0.67603111278170402
2019,4,15,16,0,50.,"5e298af7bf1c9163d36b8ffb60312c554afbbb11",0.13750788535800584
2019,4,15,16,1,11.,"5e298af7bf1c9163d36b8ffb60312c554afbbb11",1.5692525427600152
2019,4,15,16,1,32.,"5e298af7bf1c9163d36b8ffb60312c554afbbb11",1.037375653787878
2019,4,16,21,0,10.,"5e298af7bf1c9163d36b8ffb60312c554afbbb11",0.32740164179132281
2019,4,16,21,0,30.,"5e298af7bf1c9163d36b8ffb60312c554afbbb11",0.27780769226800972
2019,4,16,21,0,51.,"5e298af7bf1c9163d36b8ffb60312c554afbbb11",2.3983860387118741
2019,4,16,21,1,12.,"5e298af7bf1c9163d36b8ffb60312c554afbbb11",1.0677357234262299
2019,4,16,21,1,33.,"5e298af7bf1c9163d36b8ffb60312c554afbbb11",3.3178123851412469
2019,4,18,2,0,8.,"95233a49735a7c73d61c25c05cb21e0d43dc985c",0.26571508453734527
2019,4,18,2,0,28.,"95233a49735a7c73d61c25c05cb21e0d43dc985c",0.57055997843262185
2019,4,18,2,0,49.,"95233a49735a7c73d61c25c05cb21e0d43dc985c",0.63918699828499204
2019,4,18,2,1,9.,"95233a49735a7c73d61c25c05cb21e0d43dc985c",0.37959234530297814
2019,4,18,2,1,30.,"95233a49735a7c73d61c25c05cb21e0d43dc985c",0.61985192140736212
2019,4,20,7,0,34.,"545c15a15594c0af207dcddb8e01889f0307cd62",2.8385219335575962
2019,4,20,7,0,55.,"545c15a15594c0af207dcddb8e01889f0307cd62",0.97535587140154334
2019,4,20,7,1,15.,"545c15a15594c0af207dcddb8e01889f0307cd62",1.2641071079967414
2019,4,20,7,1,36.,"545c15a15594c0af207dcddb8e01889f0307cd62",0.86633997076307745
2019,4,20,7,1,57.,"545c15a15594c0af207dcddb8e01889f0307cd62",0.28415489736917276
2019,4,21,12,0,33.,"7857b1e6c812a765fa2448f4569add836e1a52a4",1.1289435026079784
2019,4,21,12,0,53.,"7857b1e6c812a765fa2448f4569add836e1a52a4",2.6371663458751264
2019,4,21,12,1,14.,"7857b1e6c812a765fa2448f4569add836e1a52a4",0.48287914700343881
2019,4,21,12,1,35.,"7857b1e6c812a765fa2448f4569add836e1a52a4",1.1446478846468251
2019,4,21,12,1,56.,"7857b1e6c812a765fa2448f4569add836e1a52a4",2.2717662353684349
2019,4,22,17,0,45.,"7857b1e6c812a765fa2448f4569add836e1a52a4",0.72714285763398401
2019,4,22,17,1,6.,"7857b1e6c812a765fa2448f4569add836e1a52a4",0.55684774393513514
2019,4,22,17,1,27.,"7857b1e6c812a765fa2448f4569add836e1a52a4",0.61286328320334427
2019,4,22,17,1,48.,"7857b1e6c812a765fa2448f4569add836e1a52a4",0.65154074038835486
2019,4,22,17,2,8.,"7857b1e6c812a765fa2448f4569add836e1a52a4",0.52729195761169101
2019,4,23,23,0,39.,"455511c86af7f2013641432ee8934d095580bf5f",1.4953252748406372
2019,4,23,23,0,59.,"455511c86af7f2013641432ee8934d095580bf5f",1.0639403630613788
2019,4,23,23,1,20.,"455511c86af7f2013641432ee8934d095580bf5f",2.1374840267809958
2019,4,23,23,1,41.,"455511c86af7f2013641432ee8934d095580bf5f",2.730460011592672
2019,4,23,23,2,1.,"455511c86af7f2013641432ee8934d095580bf5f",0.72394873153257677
2019,4,25,4,0,35.,"455511c86af7f2013641432ee8934d095580bf5f",1.1088493898176366
2019,4,25,4,0,56.,"455511c86af7f2013641432ee8934d095580bf5f",2.3985636450335157
2019,4,25,4,1,17.,"455511c86af7f2013641432ee8934d095580bf5f",0.88187680611957653
2019,4,25,4,1,38.,"455511c86af7f2013641432ee8934d095580bf5f",0.4050940444606419
2019,4,25,4,1,58.,"455511c86af7f2013641432ee8934d095580bf5f",0.13642349869796666
2019,4,26,9,0,39.,"816bed2b3c0246bb87192600c9224babb41fe54d",0.4371312126789233
2019,4,26,9,0,59.,"816bed2b3c0246bb87192600c9224babb41fe54d",1.435605236178715
2019,4,26,9,1,20.,"816bed2b3c0246bb87192600c9224babb41fe54d",1.3662056752771772
2019,4,26,9,1,41.,"816bed2b3c0246bb87192600c9224babb41fe54d",0.90957753034275512
2019,4,26,9,2,1.,"816bed2b3c0246bb87192600c9224babb41fe54d",0.41931368433632432
2019,4,28,12,0,32.,"816bed2b3c0246bb87192600c9224babb41fe54d",0.52485834917776586
2019,4,28,12,0,53.,"816bed2b3c0246bb87192600c9224babb41fe54d",2.3901373643996768
2019,4,28,12,1,14.,"816bed2b3c0246bb87192600c9224babb41fe54d",0.24014254487711861
2019,4,28,12,1,34.,"816bed2b3c0246bb87192600c9224babb41fe54d",0.94084619812595283
2019,4,28,12,1,55.,"816bed2b3c0246bb87192600c9224babb41fe54d",0.72049636287119645
2019,5,1,2,0,33.,"9dd19c6d0c9dcd529146e7896e785fc76be21806",0.91273062860284515
2019,5,1,2,0,53.,"9dd19c6d0c9dcd529146e7896e785fc76be21806",1.9793581548698045
2019,5,1,2,1,14.,"9dd19c6d0c9dcd529146e7896e785fc76be21806",0.79139622367229201
2019,5,1,2,1,34.,"9dd19c6d0c9dcd529146e7896e785fc76be21806",0.87777148604540467
2019,5,1,2,1,55.,"9dd19c6d0c9dcd529146e7896e785fc76be21806",0.5961813541676988
2019,5,3,10,0,38.,"9dd19c6d0c9dcd529146e7896e785fc76be21806",0.6006558761986307
2019,5,3,10,0,58.,"9dd19c6d0c9dcd529146e7896e785fc76be21806",1.2108141713731944
2019,5,3,10,1,19.,"9dd19c6d0c9dcd529146e7896e785fc76be21806",1.2361706855539758
2019,5,3,10,1,39.,"9dd19c6d0c9dcd529146e7896e785fc76be21806",1.3410243483714632
2019,5,3,10,2,0.,"9dd19c6d0c9dcd529146e7896e785fc76be21806",1.0507935936847623
2019,5,5,20,0,35.,"9dd19c6d0c9dcd529146e7896e785fc76be21806",0.85315189422988813
2019,5,5,20,0,55.,"9dd19c6d0c9dcd529146e7896e785fc76be21806",0.7541533824309754
2019,5,5,20,1,16.,"9dd19c6d0c9dcd529146e7896e785fc76be21806",1.3724976376897518
2019,5,5,20,1,37.,"9dd19c6d0c9dcd529146e7896e785fc76be21806",0.54809711215276513
2019,5,5,20,1,58.,"9dd19c6d0c9dcd529146e7896e785fc76be21806",0.90216319803907297
2019,5,7,21,0,38.,"9dd19c6d0c9dcd529146e7896e785fc76be21806",0.36169286553074986
2019,5,7,21,0,58.,"9dd19c6d0c9dcd529146e7896e785fc76be21806",1.6188392723272318
2019,5,7,21,1,19.,"9dd19c6d0c9dcd529146e7896e785fc76be21806",0.40426181955341267
2019,5,7,21,1,40.,"9dd19c6d0c9dcd529146e7896e785fc76be21806",0.70263905661716697
2019,5,7,21,2,0.,"9dd19c6d0c9dcd529146e7896e785fc76be21806",0.90150192576438659
2019,5,9,3,0,37.,"9dd19c6d0c9dcd529146e7896e785fc76be21806",0.46506634082226617
2019,5,10,9,0,38.,"9dd19c6d0c9dcd529146e7896e785fc76be21806",0.59876189309502248
2019,5,11,14,0,41.,"9dd19c6d0c9dcd529146e7896e785fc76be21806",0.5055462059578919
2019,5,12,19,0,37.,"9dd19c6d0c9dcd529146e7896e785fc76be21806",0.47195499757502279
2019,5,14,1,0,34.,"9dd19c6d0c9dcd529146e7896e785fc76be21806",1.2251128565094325
