2018,8,25,0,2,42.,"6f2330fe68d0a5fd3d8aff8d84a65b533c37792e",0.99760404231338551
2018,8,25,2,9,12.,"5c5b3bfb2e6f3f99071917f4c68c7d940d32f18b",0.99588595633444876
2018,8,25,3,54,22.,"5c5b3bfb2e6f3f99071917f4c68c7d940d32f18b",0.98209072304136713
2018,8,25,5,38,31.,"5c5b3bfb2e6f3f99071917f4c68c7d940d32f18b",0.99639313729251544
2018,8,25,7,17,33.,"5c5b3bfb2e6f3f99071917f4c68c7d940d32f18b",5.7583216247864248
2018,8,25,9,9,55.,"5c5b3bfb2e6f3f99071917f4c68c7d940d32f18b",7.5489125323742572
2018,8,25,10,52,58.,"5c5b3bfb2e6f3f99071917f4c68c7d940d32f18b",0.97414548486781238
2018,8,25,12,27,17.,"5c5b3bfb2e6f3f99071917f4c68c7d940d32f18b",0.99121043592079672
2018,8,25,14,6,54.,"5c5b3bfb2e6f3f99071917f4c68c7d940d32f18b",8.2702794861793887
2018,8,25,15,48,48.,"5c5b3bfb2e6f3f99071917f4c68c7d940d32f18b",0.99070490485769691
2018,8,25,17,30,48.,"5c5b3bfb2e6f3f99071917f4c68c7d940d32f18b",0.98786578145313475
2018,8,25,19,11,14.,"5c5b3bfb2e6f3f99071917f4c68c7d940d32f18b",0.99756258887065274
2018,8,25,20,57,19.,"5c5b3bfb2e6f3f99071917f4c68c7d940d32f18b",1.0452464050877877
2018,8,25,22,38,40.,"5c5b3bfb2e6f3f99071917f4c68c7d940d32f18b",0.99802404581759607
2018,8,26,0,30,55.,"5c5b3bfb2e6f3f99071917f4c68c7d940d32f18b",0.99174028948863524
2018,8,26,2,20,19.,"5c5b3bfb2e6f3f99071917f4c68c7d940d32f18b",0.99416767746721246
2018,8,26,4,0,43.,"5c5b3bfb2e6f3f99071917f4c68c7d940d32f18b",0.98729580968487707
2018,8,26,5,41,22.,"5c5b3bfb2e6f3f99071917f4c68c7d940d32f18b",0.99997372941441887
2018,8,26,7,19,18.,"5c5b3bfb2e6f3f99071917f4c68c7d940d32f18b",7.84805848472765
2018,8,26,9,10,14.,"5c5b3bfb2e6f3f99071917f4c68c7d940d32f18b",0.99277735336389439
2018,8,26,10,59,32.,"5c5b3bfb2e6f3f99071917f4c68c7d940d32f18b",0.99337081085385248
2018,8,26,12,45,36.,"5c5b3bfb2e6f3f99071917f4c68c7d940d32f18b",0.98770249237677465
2018,8,26,14,33,17.,"5c5b3bfb2e6f3f99071917f4c68c7d940d32f18b",0.99439158661555493
2018,8,26,16,26,34.,"5c5b3bfb2e6f3f99071917f4c68c7d940d32f18b",0.99861933355463228
2018,8,26,18,19,44.,"5c5b3bfb2e6f3f99071917f4c68c7d940d32f18b",0.99668347891362041
2018,8,26,20,4,54.,"5c5b3bfb2e6f3f99071917f4c68c7d940d32f18b",0.99228918057796656
2018,8,26,21,58,54.,"5c5b3bfb2e6f3f99071917f4c68c7d940d32f18b",0.9925200854726175
2018,8,26,23,54,52.,"5c5b3bfb2e6f3f99071917f4c68c7d940d32f18b",8.4387459682762849
2018,8,27,1,45,57.,"5c5b3bfb2e6f3f99071917f4c68c7d940d32f18b",0.99526427262538109
2018,8,27,3,43,31.,"5c5b3bfb2e6f3f99071917f4c68c7d940d32f18b",0.99689798791758899
2018,8,27,5,39,27.,"5c5b3bfb2e6f3f99071917f4c68c7d940d32f18b",0.99304862452740128
2018,8,27,7,47,30.,"5c5b3bfb2e6f3f99071917f4c68c7d940d32f18b",8.2362753450006476
2018,8,27,9,41,43.,"5c5b3bfb2e6f3f99071917f4c68c7d940d32f18b",0.97995336144432099
2018,8,27,11,40,16.,"5c5b3bfb2e6f3f99071917f4c68c7d940d32f18b",0.99417739534883898
2018,8,27,13,38,12.,"5c5b3bfb2e6f3f99071917f4c68c7d940d32f18b",5.7355559172478179
2018,8,27,15,34,36.,"4328977f56539697cfb485c420ae27ca1c06f595",0.9994961924145539
2018,8,27,17,13,37.,"b4d59a32cb141f56995dd3d431c36e96831dd680",0.99501098644749941
2018,8,27,19,12,45.,"1798b1908b3c54d3fa6fdfca3d9d263fae4f87fa",0.99496432962300996
2018,8,27,20,58,10.,"1798b1908b3c54d3fa6fdfca3d9d263fae4f87fa",0.99442378285394861
2018,8,27,22,27,13.,"1798b1908b3c54d3fa6fdfca3d9d263fae4f87fa",5.7751094222464774
2018,8,27,23,59,40.,"1798b1908b3c54d3fa6fdfca3d9d263fae4f87fa",8.3122136486348719
2018,8,28,1,37,55.,"1798b1908b3c54d3fa6fdfca3d9d263fae4f87fa",0.99723640117085277
2018,8,28,3,17,0.,"1798b1908b3c54d3fa6fdfca3d9d263fae4f87fa",0.98240367194994038
2018,8,28,4,47,7.,"1798b1908b3c54d3fa6fdfca3d9d263fae4f87fa",1.002410385450107
2018,8,28,6,23,53.,"1798b1908b3c54d3fa6fdfca3d9d263fae4f87fa",8.5842714679788745
2018,8,28,8,0,47.,"1798b1908b3c54d3fa6fdfca3d9d263fae4f87fa",0.99851361802227412
2018,8,28,9,40,8.,"1798b1908b3c54d3fa6fdfca3d9d263fae4f87fa",0.97452081612671337
2018,8,28,11,8,3.,"1798b1908b3c54d3fa6fdfca3d9d263fae4f87fa",0.9908737914620519
2018,8,28,12,42,29.,"1798b1908b3c54d3fa6fdfca3d9d263fae4f87fa",0.98918869159681977
2018,8,30,13,35,7.,"7bc2697f8d1c24bb248e2e9623f2797ee8f22a56",8.8127258953806571
2018,8,31,17,0,12.,"9cd39a0350182cab438f34238556aedadf8c6166",0.99254750659426771
2018,9,2,2,0,8.,"9cd39a0350182cab438f34238556aedadf8c6166",0.99528545631556242
2018,9,3,11,0,9.,"9cd39a0350182cab438f34238556aedadf8c6166",1.0176583122009824
2018,9,3,11,0,13.,"9cd39a0350182cab438f34238556aedadf8c6166",8.4247813160033935
2018,9,3,11,0,52.,"9cd39a0350182cab438f34238556aedadf8c6166",0.99082588255919457
2018,9,4,20,0,8.,"9cd39a0350182cab438f34238556aedadf8c6166",0.98673611003513417
2018,9,4,20,0,17.,"9cd39a0350182cab438f34238556aedadf8c6166",0.99370028679860856
2018,9,4,20,0,27.,"9cd39a0350182cab438f34238556aedadf8c6166",0.97443617470239496
2018,9,6,5,0,7.,"9cd39a0350182cab438f34238556aedadf8c6166",0.97528161156716708
2018,9,6,5,0,23.,"9cd39a0350182cab438f34238556aedadf8c6166",9.6164291839439144
2018,9,6,5,1,0.,"9cd39a0350182cab438f34238556aedadf8c6166",0.99422838075864095
2018,9,7,14,0,9.,"9cd39a0350182cab438f34238556aedadf8c6166",8.1622896298003091
2018,9,7,14,0,11.,"9cd39a0350182cab438f34238556aedadf8c6166",0.999134666541037
2018,9,7,14,0,23.,"9cd39a0350182cab438f34238556aedadf8c6166",0.99684100494246208
2018,9,8,23,0,6.,"9cd39a0350182cab438f34238556aedadf8c6166",7.7061539596559463
2018,9,8,23,0,8.,"9cd39a0350182cab438f34238556aedadf8c6166",8.4787686262687014
2018,9,8,23,0,49.,"9cd39a0350182cab438f34238556aedadf8c6166",0.99040887929461518
2018,9,10,8,0,8.,"9cd39a0350182cab438f34238556aedadf8c6166",0.97371334014533994
2018,9,10,8,0,17.,"9cd39a0350182cab438f34238556aedadf8c6166",0.99620162545648982
2018,9,10,8,0,32.,"9cd39a0350182cab438f34238556aedadf8c6166",5.695329333516165
2018,9,11,17,0,9.,"9cd39a0350182cab438f34238556aedadf8c6166",0.97851066068541415
2018,9,11,17,0,31.,"9cd39a0350182cab438f34238556aedadf8c6166",8.9335696720397824
2018,9,11,17,1,9.,"9cd39a0350182cab438f34238556aedadf8c6166",8.9249677012903543
2018,9,13,2,0,8.,"9cd39a0350182cab438f34238556aedadf8c6166",0.99692276910075095
2018,9,13,2,0,31.,"9cd39a0350182cab438f34238556aedadf8c6166",0.98790350936672855
2018,9,13,2,0,56.,"9cd39a0350182cab438f34238556aedadf8c6166",0.99791001663910517
2018,9,14,14,0,9.,"9cd39a0350182cab438f34238556aedadf8c6166",8.139602619262952
2018,9,14,14,0,13.,"9cd39a0350182cab438f34238556aedadf8c6166",0.99790790541987862
2018,9,14,14,1,5.,"9cd39a0350182cab438f34238556aedadf8c6166",0.99741632669157632
2018,9,16,3,0,9.,"9cd39a0350182cab438f34238556aedadf8c6166",0.9970195190298845
2018,9,16,3,0,34.,"9cd39a0350182cab438f34238556aedadf8c6166",0.99222331744066605
2018,9,16,3,1,33.,"9cd39a0350182cab438f34238556aedadf8c6166",0.99965367765752855
2018,9,17,12,0,8.,"9cd39a0350182cab438f34238556aedadf8c6166",0.98743079391667521
2018,9,17,12,1,36.,"9cd39a0350182cab438f34238556aedadf8c6166",0.99233647363720578
2018,9,17,12,4,21.,"9cd39a0350182cab438f34238556aedadf8c6166",5.6389878470903278
2018,9,20,11,0,10.,"3237f2c9842a6242d35f9c944ba2e676551bbd83",0.99608902155710177
2018,9,20,11,0,32.,"3237f2c9842a6242d35f9c944ba2e676551bbd83",0.986058497995143
2018,9,20,11,0,45.,"3237f2c9842a6242d35f9c944ba2e676551bbd83",0.99786898625641496
2018,9,21,23,0,8.,"3237f2c9842a6242d35f9c944ba2e676551bbd83",0.99245718026483243
2018,9,21,23,0,21.,"3237f2c9842a6242d35f9c944ba2e676551bbd83",0.98269762580361697
2018,9,21,23,0,30.,"3237f2c9842a6242d35f9c944ba2e676551bbd83",0.99725138956292525
2018,9,23,8,0,8.,"3237f2c9842a6242d35f9c944ba2e676551bbd83",0.9976885603071981
2018,9,23,8,0,30.,"3237f2c9842a6242d35f9c944ba2e676551bbd83",0.99765102695871377
2018,9,23,8,0,46.,"3237f2c9842a6242d35f9c944ba2e676551bbd83",0.97798876091769871
2018,9,27,23,0,8.,"b4445e675939853887c2bf795db3accf536b6e3e",7.8633714642826353
2018,9,27,23,0,49.,"b4445e675939853887c2bf795db3accf536b6e3e",8.4771946938449965
2018,9,27,23,1,25.,"b4445e675939853887c2bf795db3accf536b6e3e",0.99687844464773156
2018,9,29,3,0,6.,"b4445e675939853887c2bf795db3accf536b6e3e",0.9864234895218863
2018,9,29,3,0,15.,"b4445e675939853887c2bf795db3accf536b6e3e",0.99714691086373197
2018,9,29,3,0,28.,"b4445e675939853887c2bf795db3accf536b6e3e",0.99966660377864336
2018,9,30,7,0,7.,"b4445e675939853887c2bf795db3accf536b6e3e",0.99268781523101701
2018,9,30,7,0,19.,"b4445e675939853887c2bf795db3accf536b6e3e",8.2022115512605787
2018,9,30,7,0,57.,"b4445e675939853887c2bf795db3accf536b6e3e",0.99474918195370954
2018,10,3,10,0,9.,"bf4cf7a14d522dd2315ee36753895d5d72a94585",0.99576677462179353
2018,10,3,10,0,26.,"bf4cf7a14d522dd2315ee36753895d5d72a94585",0.99680326686360399
2018,10,3,10,0,40.,"bf4cf7a14d522dd2315ee36753895d5d72a94585",0.99741636820301283
2018,10,4,6,0,8.,"03d93fc7a9d6efad5f947f17ce6d096b86da7f9d",0.9976089656139755
2018,10,4,6,0,16.,"03d93fc7a9d6efad5f947f17ce6d096b86da7f9d",7.7469383464381938
2018,10,4,6,0,54.,"03d93fc7a9d6efad5f947f17ce6d096b86da7f9d",0.99374676109187898
2018,10,5,9,0,6.,"3ca8d4ee79af4114764f5d0e6cf6ed3b384588c6",0.98950523306189886
2018,10,5,9,0,15.,"3ca8d4ee79af4114764f5d0e6cf6ed3b384588c6",0.99213141176044262
2018,10,5,9,0,26.,"3ca8d4ee79af4114764f5d0e6cf6ed3b384588c6",0.99137414870468021
2018,10,6,12,0,7.,"3ca8d4ee79af4114764f5d0e6cf6ed3b384588c6",0.99468663430600979
2018,10,6,12,0,20.,"3ca8d4ee79af4114764f5d0e6cf6ed3b384588c6",0.98850529800452824
2018,10,6,12,0,45.,"3ca8d4ee79af4114764f5d0e6cf6ed3b384588c6",0.99474303434046363
2018,10,7,15,0,6.,"3ca8d4ee79af4114764f5d0e6cf6ed3b384588c6",0.99412365987220841
2018,10,7,15,0,15.,"3ca8d4ee79af4114764f5d0e6cf6ed3b384588c6",0.99256660982640943
2018,10,7,15,0,25.,"3ca8d4ee79af4114764f5d0e6cf6ed3b384588c6",8.6040391429609802
2018,10,8,18,0,7.,"3ca8d4ee79af4114764f5d0e6cf6ed3b384588c6",0.98918634929110427
2018,10,8,18,0,16.,"3ca8d4ee79af4114764f5d0e6cf6ed3b384588c6",0.98998934828546636
2018,10,8,18,0,26.,"3ca8d4ee79af4114764f5d0e6cf6ed3b384588c6",1.0024097223521966
2018,10,9,21,0,9.,"3ca8d4ee79af4114764f5d0e6cf6ed3b384588c6",0.98898251894699374
2018,10,9,21,0,16.,"3ca8d4ee79af4114764f5d0e6cf6ed3b384588c6",8.2810945868313706
2018,10,9,21,0,57.,"3ca8d4ee79af4114764f5d0e6cf6ed3b384588c6",0.99764138152718262
2018,10,11,0,0,6.,"3ca8d4ee79af4114764f5d0e6cf6ed3b384588c6",0.99598126239855234
2018,10,11,0,0,17.,"3ca8d4ee79af4114764f5d0e6cf6ed3b384588c6",0.99946951347255897
2018,10,11,0,0,29.,"3ca8d4ee79af4114764f5d0e6cf6ed3b384588c6",0.98956283343203744
2018,10,12,3,0,7.,"3ca8d4ee79af4114764f5d0e6cf6ed3b384588c6",8.5671947061121205
2018,10,12,3,0,9.,"3ca8d4ee79af4114764f5d0e6cf6ed3b384588c6",0.98446495904488607
2018,10,12,3,0,17.,"3ca8d4ee79af4114764f5d0e6cf6ed3b384588c6",0.99703967971121732
2018,10,13,6,0,8.,"3ca8d4ee79af4114764f5d0e6cf6ed3b384588c6",0.99950874320222216
2018,10,13,6,0,16.,"3ca8d4ee79af4114764f5d0e6cf6ed3b384588c6",0.98993427259357558
2018,10,13,6,0,30.,"3ca8d4ee79af4114764f5d0e6cf6ed3b384588c6",0.99130455595022604
2018,10,14,9,0,6.,"3ca8d4ee79af4114764f5d0e6cf6ed3b384588c6",0.99727540944187332
2018,10,14,9,0,16.,"3ca8d4ee79af4114764f5d0e6cf6ed3b384588c6",0.99980097040967764
2018,10,14,9,0,29.,"3ca8d4ee79af4114764f5d0e6cf6ed3b384588c6",7.7769069244812581
2018,10,15,12,0,8.,"3ca8d4ee79af4114764f5d0e6cf6ed3b384588c6",0.99192036550045093
2018,10,15,12,0,17.,"3ca8d4ee79af4114764f5d0e6cf6ed3b384588c6",0.99283170328666637
2018,10,15,12,0,25.,"3ca8d4ee79af4114764f5d0e6cf6ed3b384588c6",0.99201167893607667
2018,10,16,14,0,9.,"3ca8d4ee79af4114764f5d0e6cf6ed3b384588c6",0.99055482013061258
2018,10,16,14,0,16.,"3ca8d4ee79af4114764f5d0e6cf6ed3b384588c6",8.9333320066873867
2018,10,16,14,0,56.,"3ca8d4ee79af4114764f5d0e6cf6ed3b384588c6",0.99933229462129614
2018,10,17,16,0,7.,"3ca8d4ee79af4114764f5d0e6cf6ed3b384588c6",0.9982265595349219
2018,10,17,16,0,16.,"3ca8d4ee79af4114764f5d0e6cf6ed3b384588c6",0.99320659284704349
2018,10,17,16,0,36.,"3ca8d4ee79af4114764f5d0e6cf6ed3b384588c6",0.99639494841075527
2018,10,18,18,0,8.,"3ca8d4ee79af4114764f5d0e6cf6ed3b384588c6",0.98528192373620904
2018,10,18,18,0,22.,"3ca8d4ee79af4114764f5d0e6cf6ed3b384588c6",0.99762371844807851
2018,10,18,18,0,44.,"3ca8d4ee79af4114764f5d0e6cf6ed3b384588c6",0.99484113117723483
2018,10,19,20,0,9.,"b6be04f7dcf9291df524a7910d2afb3db1329d2e",0.99614418786390091
2018,10,19,20,0,19.,"b6be04f7dcf9291df524a7910d2afb3db1329d2e",0.98967447558500021
2018,10,19,20,0,28.,"b6be04f7dcf9291df524a7910d2afb3db1329d2e",0.99085617672349568
2018,10,20,22,0,8.,"b6be04f7dcf9291df524a7910d2afb3db1329d2e",0.98906629957271475
2018,10,20,22,0,17.,"b6be04f7dcf9291df524a7910d2afb3db1329d2e",0.99845612332317224
2018,10,20,22,0,35.,"b6be04f7dcf9291df524a7910d2afb3db1329d2e",0.98420053059839452
2018,10,22,0,0,6.,"b6be04f7dcf9291df524a7910d2afb3db1329d2e",0.99916655731352955
2018,10,22,0,0,24.,"b6be04f7dcf9291df524a7910d2afb3db1329d2e",0.99826261818734918
2018,10,22,0,0,35.,"b6be04f7dcf9291df524a7910d2afb3db1329d2e",0.99684035476659505
2018,10,23,2,0,6.,"b6be04f7dcf9291df524a7910d2afb3db1329d2e",0.99734834649484316
2018,10,23,2,0,23.,"b6be04f7dcf9291df524a7910d2afb3db1329d2e",0.9982940089021699
2018,10,23,2,0,31.,"b6be04f7dcf9291df524a7910d2afb3db1329d2e",0.9869961661399963
2018,10,24,4,0,8.,"b6be04f7dcf9291df524a7910d2afb3db1329d2e",0.99006262534037481
2018,10,24,4,0,26.,"b6be04f7dcf9291df524a7910d2afb3db1329d2e",0.99409433198270503
2018,10,24,4,0,58.,"b6be04f7dcf9291df524a7910d2afb3db1329d2e",0.98983254682996413
2018,10,25,6,0,7.,"b6be04f7dcf9291df524a7910d2afb3db1329d2e",0.99302361900739366
2018,10,25,6,0,23.,"b6be04f7dcf9291df524a7910d2afb3db1329d2e",0.98823010984028392
2018,10,25,6,0,36.,"b6be04f7dcf9291df524a7910d2afb3db1329d2e",0.99506029115988037
2018,10,26,8,0,6.,"b6be04f7dcf9291df524a7910d2afb3db1329d2e",7.2928477383106571
2018,10,26,8,0,44.,"b6be04f7dcf9291df524a7910d2afb3db1329d2e",9.0085678938861236
2018,10,26,8,0,46.,"b6be04f7dcf9291df524a7910d2afb3db1329d2e",0.99592885229570227
2018,10,27,10,0,8.,"b6be04f7dcf9291df524a7910d2afb3db1329d2e",5.5544107944212646
2018,10,27,10,1,31.,"b6be04f7dcf9291df524a7910d2afb3db1329d2e",0.99779029750340686
2018,10,27,10,1,47.,"b6be04f7dcf9291df524a7910d2afb3db1329d2e",0.99895046551470279
2018,10,28,11,0,7.,"b6be04f7dcf9291df524a7910d2afb3db1329d2e",8.6181707739439784
2018,10,28,11,0,42.,"b6be04f7dcf9291df524a7910d2afb3db1329d2e",1.0310485854404312
2018,10,28,11,0,49.,"b6be04f7dcf9291df524a7910d2afb3db1329d2e",0.99842803078144737
2018,10,29,13,0,7.,"b6be04f7dcf9291df524a7910d2afb3db1329d2e",0.99540461769814748
2018,10,29,13,0,17.,"b6be04f7dcf9291df524a7910d2afb3db1329d2e",0.9964683228284692
2018,10,29,13,0,38.,"b6be04f7dcf9291df524a7910d2afb3db1329d2e",0.99685592801572387
2018,10,30,15,0,12.,"b3d579e10527edfbccec5ff9cc57cc74d360a639",8.3978397764096044
2018,10,30,15,0,14.,"b3d579e10527edfbccec5ff9cc57cc74d360a639",0.99363174361873474
2018,10,30,15,0,23.,"b3d579e10527edfbccec5ff9cc57cc74d360a639",0.98912411219230101
2018,10,31,17,0,13.,"b3d579e10527edfbccec5ff9cc57cc74d360a639",0.98675466389306832
2018,10,31,17,0,22.,"b3d579e10527edfbccec5ff9cc57cc74d360a639",8.5925820812092013
2018,10,31,17,0,59.,"b3d579e10527edfbccec5ff9cc57cc74d360a639",0.99788919397108955
2018,11,1,19,0,14.,"3725a61a22f9d8d1b6a9ebcaa162ba56b96e5b38",0.99768861631832972
2018,11,1,19,0,24.,"3725a61a22f9d8d1b6a9ebcaa162ba56b96e5b38",0.98615167909479917
2018,11,1,19,0,35.,"3725a61a22f9d8d1b6a9ebcaa162ba56b96e5b38",0.98454164329306337
2018,11,2,21,0,9.,"3725a61a22f9d8d1b6a9ebcaa162ba56b96e5b38",8.369515777053893
2018,11,2,21,0,11.,"3725a61a22f9d8d1b6a9ebcaa162ba56b96e5b38",8.1521051447705304
2018,11,2,21,0,53.,"3725a61a22f9d8d1b6a9ebcaa162ba56b96e5b38",7.0769683451205863
2018,11,3,23,0,7.,"3725a61a22f9d8d1b6a9ebcaa162ba56b96e5b38",0.997017483010322
2018,11,3,23,0,20.,"3725a61a22f9d8d1b6a9ebcaa162ba56b96e5b38",0.99268080119613544
2018,11,3,23,0,29.,"3725a61a22f9d8d1b6a9ebcaa162ba56b96e5b38",0.98560913739060763
2018,11,5,1,0,7.,"3725a61a22f9d8d1b6a9ebcaa162ba56b96e5b38",0.98271153700943115
2018,11,5,1,0,22.,"3725a61a22f9d8d1b6a9ebcaa162ba56b96e5b38",0.99341109546018125
2018,11,5,1,0,49.,"3725a61a22f9d8d1b6a9ebcaa162ba56b96e5b38",8.6085747659825138
2018,11,6,3,0,9.,"3725a61a22f9d8d1b6a9ebcaa162ba56b96e5b38",0.99544146947645595
2018,11,6,3,0,17.,"3725a61a22f9d8d1b6a9ebcaa162ba56b96e5b38",0.97897169368645842
2018,11,6,3,0,25.,"3725a61a22f9d8d1b6a9ebcaa162ba56b96e5b38",0.9952955103043275
2018,11,7,5,0,8.,"b98b44238c522bd6b781677b3e73e959b13d6122",0.99305191089530176
2018,11,7,5,0,20.,"b98b44238c522bd6b781677b3e73e959b13d6122",0.9834350087678011
2018,11,7,5,0,29.,"b98b44238c522bd6b781677b3e73e959b13d6122",0.99604059359089003
2018,11,8,7,0,7.,"b98b44238c522bd6b781677b3e73e959b13d6122",0.9933605234159324
2018,11,8,7,0,15.,"b98b44238c522bd6b781677b3e73e959b13d6122",0.99381844559994736
2018,11,8,7,0,34.,"b98b44238c522bd6b781677b3e73e959b13d6122",0.99422161179156598
2018,11,9,9,0,9.,"b98b44238c522bd6b781677b3e73e959b13d6122",0.99920309967068854
2018,11,9,9,0,23.,"b98b44238c522bd6b781677b3e73e959b13d6122",0.99599039866945516
2018,11,9,9,0,31.,"b98b44238c522bd6b781677b3e73e959b13d6122",0.99842324434147667
2018,11,10,11,0,8.,"b98b44238c522bd6b781677b3e73e959b13d6122",0.99632939957406064
2018,11,10,11,0,22.,"b98b44238c522bd6b781677b3e73e959b13d6122",8.1140095938330958
2018,11,10,11,0,24.,"b98b44238c522bd6b781677b3e73e959b13d6122",0.99912597931668257
2018,11,11,13,0,7.,"b98b44238c522bd6b781677b3e73e959b13d6122",0.99609475735377506
2018,11,11,13,0,19.,"b98b44238c522bd6b781677b3e73e959b13d6122",7.7619470039926926
2018,11,11,13,1,0.,"b98b44238c522bd6b781677b3e73e959b13d6122",0.9938791411970116
2018,11,12,15,0,7.,"b98b44238c522bd6b781677b3e73e959b13d6122",0.99781737241892354
2018,11,12,15,0,17.,"b98b44238c522bd6b781677b3e73e959b13d6122",0.99671208538396439
2018,11,12,15,0,26.,"b98b44238c522bd6b781677b3e73e959b13d6122",6.9091835658943532
2018,11,14,7,0,7.,"d740031083e20a742b55484913f142215105a7bc",0.99840889050297477
2018,11,14,7,0,18.,"d740031083e20a742b55484913f142215105a7bc",0.99308371814142271
2018,11,14,7,0,38.,"d740031083e20a742b55484913f142215105a7bc",0.99740270554303545
2018,11,15,9,0,11.,"bab7147680aa07c30c95e22d472dbc4eea110fb4",0.99029939054418736
2018,11,15,9,1,6.,"bab7147680aa07c30c95e22d472dbc4eea110fb4",0.99309401359087968
2018,11,15,9,2,14.,"bab7147680aa07c30c95e22d472dbc4eea110fb4",0.99123173546484755
2018,11,16,18,0,10.,"b6ebf5338a502e94c295fcb1393ac915d5890b7f",0.97844960458823738
2018,11,16,18,0,27.,"b6ebf5338a502e94c295fcb1393ac915d5890b7f",4.7252987744249682
2018,11,16,18,2,57.,"b6ebf5338a502e94c295fcb1393ac915d5890b7f",9.0974138866931398
2018,11,17,23,0,7.,"b6ebf5338a502e94c295fcb1393ac915d5890b7f",0.99852174810516958
2018,11,17,23,0,43.,"b6ebf5338a502e94c295fcb1393ac915d5890b7f",0.99028640560129277
2018,11,17,23,1,8.,"b6ebf5338a502e94c295fcb1393ac915d5890b7f",0.99800759906555769
2018,11,19,5,0,10.,"b6ebf5338a502e94c295fcb1393ac915d5890b7f",0.99744657142822191
2018,11,19,5,0,37.,"b6ebf5338a502e94c295fcb1393ac915d5890b7f",0.9947044935778866
2018,11,19,5,1,16.,"b6ebf5338a502e94c295fcb1393ac915d5890b7f",0.99599522255614326
2018,11,20,10,0,10.,"77c3253f43045e6ff44a3eb7ac459ed794cb89f9",0.99617812975457154
2018,11,20,10,0,27.,"77c3253f43045e6ff44a3eb7ac459ed794cb89f9",1.0205071684738602
2018,11,20,10,0,38.,"77c3253f43045e6ff44a3eb7ac459ed794cb89f9",0.99414335174692425
2018,11,21,17,0,8.,"3032b4b9ded7645122a414c6c4ffcc8a523c7560",0.9753409563428912
2018,11,21,17,0,18.,"3032b4b9ded7645122a414c6c4ffcc8a523c7560",8.0196562813767098
2018,11,21,17,0,20.,"3032b4b9ded7645122a414c6c4ffcc8a523c7560",0.9992190798191054
2018,11,22,23,0,9.,"4007917cc5e46140ddcee47347d7a0e397f31e05",0.99872066865991582
2018,11,22,23,0,38.,"4007917cc5e46140ddcee47347d7a0e397f31e05",0.9786475282842354
2018,11,22,23,0,47.,"4007917cc5e46140ddcee47347d7a0e397f31e05",0.99236712794770154
2018,11,24,4,0,8.,"4007917cc5e46140ddcee47347d7a0e397f31e05",0.98843450448910164
2018,11,24,4,0,24.,"4007917cc5e46140ddcee47347d7a0e397f31e05",1.0443961629892704
2018,11,24,4,0,27.,"4007917cc5e46140ddcee47347d7a0e397f31e05",0.99873884574347838
2018,11,25,9,0,8.,"4007917cc5e46140ddcee47347d7a0e397f31e05",0.9960614300303472
2018,11,25,9,0,35.,"4007917cc5e46140ddcee47347d7a0e397f31e05",0.99203671930991666
2018,11,25,9,0,57.,"4007917cc5e46140ddcee47347d7a0e397f31e05",7.7266451623899322
2018,11,26,14,0,12.,"4007917cc5e46140ddcee47347d7a0e397f31e05",0.99093717221796296
2018,11,26,14,0,32.,"4007917cc5e46140ddcee47347d7a0e397f31e05",0.98700918829463446
2018,11,26,14,0,41.,"4007917cc5e46140ddcee47347d7a0e397f31e05",0.9969274572897332
2018,11,27,19,0,10.,"4007917cc5e46140ddcee47347d7a0e397f31e05",0.9983559182120626
2018,11,27,19,0,21.,"4007917cc5e46140ddcee47347d7a0e397f31e05",9.2331426003483639
2018,11,27,19,0,23.,"4007917cc5e46140ddcee47347d7a0e397f31e05",0.97130712210224956
2018,11,29,1,0,9.,"951b7e794f496a76d1f6f5558ff250bd30a69c9b",0.9985237039956858
2018,11,29,1,0,18.,"951b7e794f496a76d1f6f5558ff250bd30a69c9b",0.99779557792467155
2018,11,29,1,0,29.,"951b7e794f496a76d1f6f5558ff250bd30a69c9b",5.4078673258464551
2018,11,30,6,0,8.,"951b7e794f496a76d1f6f5558ff250bd30a69c9b",7.5682036712775105
2018,11,30,6,0,55.,"951b7e794f496a76d1f6f5558ff250bd30a69c9b",1.0137633536594319
2018,11,30,6,1,2.,"951b7e794f496a76d1f6f5558ff250bd30a69c9b",0.97425166132371932
2018,12,1,11,0,7.,"7c0d5748058e4a59b60a1654c167ee3e87d6b342",0.99827533029807514
2018,12,1,11,0,16.,"7c0d5748058e4a59b60a1654c167ee3e87d6b342",0.99659884425451395
2018,12,1,11,0,36.,"7c0d5748058e4a59b60a1654c167ee3e87d6b342",0.98671851582691639
2018,12,2,16,0,6.,"7c0d5748058e4a59b60a1654c167ee3e87d6b342",0.98641777654119189
2018,12,2,16,0,21.,"7c0d5748058e4a59b60a1654c167ee3e87d6b342",9.5368400203771433
2018,12,2,16,0,23.,"7c0d5748058e4a59b60a1654c167ee3e87d6b342",0.99558023807561502
2018,12,3,21,0,9.,"7c0d5748058e4a59b60a1654c167ee3e87d6b342",1.0762296982825803
2018,12,3,21,0,15.,"7c0d5748058e4a59b60a1654c167ee3e87d6b342",0.99213383014927337
2018,12,3,21,0,24.,"7c0d5748058e4a59b60a1654c167ee3e87d6b342",0.99311622625372475
2018,12,5,2,0,10.,"7c0d5748058e4a59b60a1654c167ee3e87d6b342",0.98780662144420839
2018,12,5,2,0,23.,"7c0d5748058e4a59b60a1654c167ee3e87d6b342",0.97705105994192731
2018,12,5,2,0,31.,"7c0d5748058e4a59b60a1654c167ee3e87d6b342",0.99155370536294407
2018,12,6,7,0,8.,"7c0d5748058e4a59b60a1654c167ee3e87d6b342",0.99351757969718324
2018,12,6,7,0,48.,"7c0d5748058e4a59b60a1654c167ee3e87d6b342",0.99890417722552671
2018,12,6,7,1,8.,"7c0d5748058e4a59b60a1654c167ee3e87d6b342",0.98556810769050285
2018,12,7,12,0,7.,"7c0d5748058e4a59b60a1654c167ee3e87d6b342",0.99675569500860173
2018,12,7,12,0,25.,"7c0d5748058e4a59b60a1654c167ee3e87d6b342",0.99673149197267374
2018,12,7,12,0,34.,"7c0d5748058e4a59b60a1654c167ee3e87d6b342",0.99783298876478188
2018,12,8,17,0,8.,"7c0d5748058e4a59b60a1654c167ee3e87d6b342",0.99309048613453865
2018,12,8,17,0,25.,"7c0d5748058e4a59b60a1654c167ee3e87d6b342",0.98258423616658275
2018,12,8,17,0,42.,"7c0d5748058e4a59b60a1654c167ee3e87d6b342",0.99542486066313585
2018,12,9,22,0,8.,"7c0d5748058e4a59b60a1654c167ee3e87d6b342",6.6584092513509505
2018,12,9,22,0,12.,"7c0d5748058e4a59b60a1654c167ee3e87d6b342",8.156476596089238
2018,12,9,22,0,54.,"7c0d5748058e4a59b60a1654c167ee3e87d6b342",0.98553983358486574
2018,12,11,3,0,7.,"7c0d5748058e4a59b60a1654c167ee3e87d6b342",8.9034176237240867
2018,12,11,3,0,51.,"7c0d5748058e4a59b60a1654c167ee3e87d6b342",0.99221608460055721
2018,12,11,3,1,0.,"7c0d5748058e4a59b60a1654c167ee3e87d6b342",0.99360527433891588
2018,12,12,8,0,8.,"d46dedf1b1af1285b7e45312288d4292407eb482",0.99740905650889766
2018,12,12,8,0,23.,"d46dedf1b1af1285b7e45312288d4292407eb482",0.99460601408468174
2018,12,12,8,0,41.,"d46dedf1b1af1285b7e45312288d4292407eb482",0.98784695606572581
2018,12,13,13,0,11.,"d46dedf1b1af1285b7e45312288d4292407eb482",0.98440948451885391
2018,12,13,13,0,32.,"d46dedf1b1af1285b7e45312288d4292407eb482",0.97700367602344473
2018,12,13,13,1,3.,"d46dedf1b1af1285b7e45312288d4292407eb482",0.98086781729956529
2018,12,14,18,0,11.,"ed1bd6a2a679303b924a25b54420acb4baff4979",0.9976236250203967
2018,12,14,18,0,28.,"ed1bd6a2a679303b924a25b54420acb4baff4979",0.99157476960316981
2018,12,14,18,0,42.,"ed1bd6a2a679303b924a25b54420acb4baff4979",0.99355262846612602
2018,12,15,23,0,8.,"ed1bd6a2a679303b924a25b54420acb4baff4979",8.9705707450493044
2018,12,15,23,0,47.,"ed1bd6a2a679303b924a25b54420acb4baff4979",0.99816979665606642
2018,12,15,23,1,8.,"ed1bd6a2a679303b924a25b54420acb4baff4979",0.99766878918856694
2018,12,17,4,0,8.,"ed1bd6a2a679303b924a25b54420acb4baff4979",0.99826956604060746
2018,12,17,4,0,20.,"ed1bd6a2a679303b924a25b54420acb4baff4979",0.99592744162224733
2018,12,17,4,0,37.,"ed1bd6a2a679303b924a25b54420acb4baff4979",0.99732966767229203
2018,12,18,9,0,11.,"ed1bd6a2a679303b924a25b54420acb4baff4979",0.99908743701318181
2018,12,18,9,0,34.,"ed1bd6a2a679303b924a25b54420acb4baff4979",0.98559611308715767
2018,12,18,9,0,45.,"ed1bd6a2a679303b924a25b54420acb4baff4979",0.99884876944017242
2018,12,19,14,0,9.,"ed1bd6a2a679303b924a25b54420acb4baff4979",0.99840351128664839
2018,12,19,14,0,32.,"ed1bd6a2a679303b924a25b54420acb4baff4979",8.8518286908221704
2018,12,19,14,0,35.,"ed1bd6a2a679303b924a25b54420acb4baff4979",0.99312170017985724
2018,12,20,21,0,8.,"ed1bd6a2a679303b924a25b54420acb4baff4979",0.98746764463756231
2018,12,20,21,0,41.,"ed1bd6a2a679303b924a25b54420acb4baff4979",0.99569504430744471
2018,12,20,21,1,19.,"ed1bd6a2a679303b924a25b54420acb4baff4979",0.99126540451922063
2018,12,22,2,0,9.,"ed1bd6a2a679303b924a25b54420acb4baff4979",0.99327440296471725
2018,12,22,2,0,32.,"ed1bd6a2a679303b924a25b54420acb4baff4979",5.8317736610520328
2018,12,22,2,0,40.,"ed1bd6a2a679303b924a25b54420acb4baff4979",0.99044542658254797
2018,12,23,8,0,10.,"ed1bd6a2a679303b924a25b54420acb4baff4979",0.99526950277031034
2018,12,23,8,0,19.,"ed1bd6a2a679303b924a25b54420acb4baff4979",0.99735899588036314
2018,12,23,8,0,38.,"ed1bd6a2a679303b924a25b54420acb4baff4979",0.98998449688887458
2018,12,24,13,0,8.,"ed1bd6a2a679303b924a25b54420acb4baff4979",0.99758470922267883
2018,12,24,13,0,19.,"ed1bd6a2a679303b924a25b54420acb4baff4979",0.99297459749253303
2018,12,24,13,0,30.,"ed1bd6a2a679303b924a25b54420acb4baff4979",0.9957979333470699
2018,12,25,18,0,7.,"ed1bd6a2a679303b924a25b54420acb4baff4979",0.98204460861734466
2018,12,25,18,0,22.,"ed1bd6a2a679303b924a25b54420acb4baff4979",0.98873084023916491
2018,12,25,18,0,49.,"ed1bd6a2a679303b924a25b54420acb4baff4979",0.98590158406560202
2018,12,26,23,0,9.,"ed1bd6a2a679303b924a25b54420acb4baff4979",0.99696218113779456
2018,12,26,23,0,24.,"ed1bd6a2a679303b924a25b54420acb4baff4979",5.6674297098692339
2018,12,26,23,0,28.,"ed1bd6a2a679303b924a25b54420acb4baff4979",0.99857043167586434
2018,12,28,4,0,9.,"ed1bd6a2a679303b924a25b54420acb4baff4979",0.98442008509427836
2018,12,28,4,0,18.,"ed1bd6a2a679303b924a25b54420acb4baff4979",1.0039632721373035
2018,12,28,4,0,24.,"ed1bd6a2a679303b924a25b54420acb4baff4979",0.98775715885252413
2018,12,29,9,0,7.,"ed1bd6a2a679303b924a25b54420acb4baff4979",0.98316510932950485
2018,12,29,9,0,16.,"ed1bd6a2a679303b924a25b54420acb4baff4979",0.99773321574618601
2018,12,29,9,0,32.,"ed1bd6a2a679303b924a25b54420acb4baff4979",0.99703871742595407
2018,12,30,14,0,7.,"ed1bd6a2a679303b924a25b54420acb4baff4979",0.9906119794645647
2018,12,30,14,0,25.,"ed1bd6a2a679303b924a25b54420acb4baff4979",0.99000151888232812
2018,12,30,14,0,38.,"ed1bd6a2a679303b924a25b54420acb4baff4979",0.98476958442670448
2018,12,31,19,0,5.,"ed1bd6a2a679303b924a25b54420acb4baff4979",0.98212665084249529
2018,12,31,19,0,20.,"ed1bd6a2a679303b924a25b54420acb4baff4979",7.8539596357434238
2018,12,31,19,0,22.,"ed1bd6a2a679303b924a25b54420acb4baff4979",8.8628820192265252
2019,1,2,0,0,9.,"ed1bd6a2a679303b924a25b54420acb4baff4979",0.98548321247972559
2019,1,2,0,0,19.,"ed1bd6a2a679303b924a25b54420acb4baff4979",0.99518578937478619
2019,1,2,0,0,55.,"ed1bd6a2a679303b924a25b54420acb4baff4979",0.99637555666925193
2019,1,3,5,0,9.,"ed1bd6a2a679303b924a25b54420acb4baff4979",0.99803049542829803
2019,1,3,5,0,24.,"ed1bd6a2a679303b924a25b54420acb4baff4979",1.0427030760164411
2019,1,3,5,0,37.,"ed1bd6a2a679303b924a25b54420acb4baff4979",0.99382507340822468
2019,1,4,10,0,8.,"ed1bd6a2a679303b924a25b54420acb4baff4979",5.7988647906258786
2019,1,4,10,0,12.,"ed1bd6a2a679303b924a25b54420acb4baff4979",8.0046431827032602
2019,1,4,10,0,55.,"ed1bd6a2a679303b924a25b54420acb4baff4979",10.118751841570997
2019,1,5,15,0,7.,"ed1bd6a2a679303b924a25b54420acb4baff4979",0.9971509074371252
2019,1,5,15,0,40.,"ed1bd6a2a679303b924a25b54420acb4baff4979",0.99396889350117057
2019,1,5,15,0,55.,"ed1bd6a2a679303b924a25b54420acb4baff4979",0.99401126631868719
2019,1,6,20,0,9.,"ed1bd6a2a679303b924a25b54420acb4baff4979",0.99970699957658793
2019,1,6,20,0,36.,"ed1bd6a2a679303b924a25b54420acb4baff4979",0.9929990741680027
2019,1,6,20,0,47.,"ed1bd6a2a679303b924a25b54420acb4baff4979",0.99283675504880364
2019,1,8,1,0,9.,"ed1bd6a2a679303b924a25b54420acb4baff4979",0.99611575824879706
2019,1,8,1,0,20.,"ed1bd6a2a679303b924a25b54420acb4baff4979",0.97883860145019708
2019,1,8,1,0,36.,"ed1bd6a2a679303b924a25b54420acb4baff4979",0.9987106100497658
2019,1,9,6,0,8.,"ed1bd6a2a679303b924a25b54420acb4baff4979",0.99624002027771408
2019,1,9,6,0,19.,"ed1bd6a2a679303b924a25b54420acb4baff4979",0.99498854835843187
2019,1,9,6,0,36.,"ed1bd6a2a679303b924a25b54420acb4baff4979",0.99462094587942918
2019,1,10,11,0,8.,"4456013598941a16c5df13ad15c8d0007804a60f",0.99477307003302184
2019,1,10,11,0,21.,"4456013598941a16c5df13ad15c8d0007804a60f",0.99850766204652908
2019,1,10,11,0,37.,"4456013598941a16c5df13ad15c8d0007804a60f",0.9976259110538539
2019,1,11,16,0,8.,"4456013598941a16c5df13ad15c8d0007804a60f",0.99679336354774495
2019,1,11,16,0,25.,"4456013598941a16c5df13ad15c8d0007804a60f",0.99217267317894431
2019,1,11,16,0,40.,"4456013598941a16c5df13ad15c8d0007804a60f",0.99647730805248402
2019,1,12,21,0,9.,"4456013598941a16c5df13ad15c8d0007804a60f",8.6447874448872177
2019,1,12,21,0,48.,"4456013598941a16c5df13ad15c8d0007804a60f",0.99469702404453397
2019,1,12,21,0,59.,"4456013598941a16c5df13ad15c8d0007804a60f",0.99124212023935143
2019,1,14,2,0,8.,"4456013598941a16c5df13ad15c8d0007804a60f",7.0908086272990696
2019,1,14,2,0,10.,"4456013598941a16c5df13ad15c8d0007804a60f",0.99206539724768439
2019,1,14,2,0,30.,"4456013598941a16c5df13ad15c8d0007804a60f",0.99502379054659185
2019,1,15,7,0,8.,"4456013598941a16c5df13ad15c8d0007804a60f",0.99755705531163608
2019,1,15,7,0,37.,"4456013598941a16c5df13ad15c8d0007804a60f",0.99697501196603033
2019,1,15,7,0,58.,"4456013598941a16c5df13ad15c8d0007804a60f",0.99350466153051031
2019,1,16,13,0,11.,"e6fde00fe34d19c1ddec5556e2420e1dc66dd55d",0.98673414436176354
2019,1,16,13,0,22.,"e6fde00fe34d19c1ddec5556e2420e1dc66dd55d",0.99935969962005722
2019,1,16,13,0,45.,"e6fde00fe34d19c1ddec5556e2420e1dc66dd55d",0.99618837948860395
2019,1,17,18,0,10.,"e6fde00fe34d19c1ddec5556e2420e1dc66dd55d",0.99718553108327756
2019,1,17,18,0,30.,"e6fde00fe34d19c1ddec5556e2420e1dc66dd55d",0.99859771098053263
2019,1,17,18,0,45.,"e6fde00fe34d19c1ddec5556e2420e1dc66dd55d",0.99719036333557098
2019,1,18,23,0,9.,"e6fde00fe34d19c1ddec5556e2420e1dc66dd55d",8.4099354137417208
2019,1,18,23,0,12.,"e6fde00fe34d19c1ddec5556e2420e1dc66dd55d",0.99923731979901376
2019,1,18,23,0,22.,"e6fde00fe34d19c1ddec5556e2420e1dc66dd55d",0.99050885263365396
2019,1,20,4,0,7.,"e6fde00fe34d19c1ddec5556e2420e1dc66dd55d",0.99927298648703866
2019,1,20,4,0,25.,"e6fde00fe34d19c1ddec5556e2420e1dc66dd55d",0.99647110487752788
2019,1,20,4,0,39.,"e6fde00fe34d19c1ddec5556e2420e1dc66dd55d",0.99704161489797682
2019,1,21,9,0,11.,"e6fde00fe34d19c1ddec5556e2420e1dc66dd55d",1.1280019324442889
2019,1,21,9,0,18.,"e6fde00fe34d19c1ddec5556e2420e1dc66dd55d",9.1628237449698453
2019,1,21,9,0,58.,"e6fde00fe34d19c1ddec5556e2420e1dc66dd55d",0.99698789073383054
2019,1,22,14,0,14.,"d479155b29634e5ee8c6c4bf6ee7f9a7bb23167b",0.99756142404954973
2019,1,22,14,0,23.,"d479155b29634e5ee8c6c4bf6ee7f9a7bb23167b",0.9971082750571173
2019,1,22,14,0,33.,"d479155b29634e5ee8c6c4bf6ee7f9a7bb23167b",0.98379417399234159
2019,1,23,19,0,9.,"15babcc994ec3c3567bff57b7df8e986cb2b4543",9.0186717129420728
2019,1,23,19,0,50.,"15babcc994ec3c3567bff57b7df8e986cb2b4543",0.99291352404379463
2019,1,23,19,1,3.,"15babcc994ec3c3567bff57b7df8e986cb2b4543",0.99650963963485217
2019,1,25,0,0,8.,"15babcc994ec3c3567bff57b7df8e986cb2b4543",7.2190610477498742
2019,1,25,0,0,10.,"15babcc994ec3c3567bff57b7df8e986cb2b4543",0.99453370315480949
2019,1,25,0,0,22.,"15babcc994ec3c3567bff57b7df8e986cb2b4543",8.4163048548249364
2019,1,26,5,0,10.,"15babcc994ec3c3567bff57b7df8e986cb2b4543",0.9835521161929548
2019,1,26,5,0,28.,"15babcc994ec3c3567bff57b7df8e986cb2b4543",0.98103669032054186
2019,1,26,5,0,43.,"15babcc994ec3c3567bff57b7df8e986cb2b4543",0.99487200036585532
2019,1,27,10,0,9.,"15babcc994ec3c3567bff57b7df8e986cb2b4543",7.2889001201884067
2019,1,27,10,0,11.,"15babcc994ec3c3567bff57b7df8e986cb2b4543",0.99953779447298419
2019,1,27,10,0,21.,"15babcc994ec3c3567bff57b7df8e986cb2b4543",4.5237973167850463
2019,1,28,15,0,12.,"15babcc994ec3c3567bff57b7df8e986cb2b4543",0.99814791312560758
2019,1,28,15,0,21.,"15babcc994ec3c3567bff57b7df8e986cb2b4543",0.97782726523496777
2019,1,28,15,0,37.,"15babcc994ec3c3567bff57b7df8e986cb2b4543",5.2635144687342068
2019,1,29,20,0,11.,"4c6c12822ebc72e838db0809414aa5c9476394e9",0.995583620958434
2019,1,29,20,0,19.,"4c6c12822ebc72e838db0809414aa5c9476394e9",7.6018104491567984
2019,1,29,20,1,2.,"4c6c12822ebc72e838db0809414aa5c9476394e9",0.99777859646167066
2019,1,31,1,0,8.,"f60279cc5ab29579e35510a13659b2661292b192",0.98753057278552714
2019,1,31,1,0,24.,"f60279cc5ab29579e35510a13659b2661292b192",0.9951494159461618
2019,1,31,1,0,40.,"f60279cc5ab29579e35510a13659b2661292b192",0.97302785185490825
2019,2,1,6,0,8.,"f60279cc5ab29579e35510a13659b2661292b192",0.99954607012259811
2019,2,1,6,0,22.,"f60279cc5ab29579e35510a13659b2661292b192",8.3026494331459393
2019,2,1,6,0,24.,"f60279cc5ab29579e35510a13659b2661292b192",1.0202325854041339
2019,2,2,11,0,9.,"f60279cc5ab29579e35510a13659b2661292b192",0.97972773155941129
2019,2,2,11,0,34.,"f60279cc5ab29579e35510a13659b2661292b192",0.99288032249215397
2019,2,2,11,0,53.,"f60279cc5ab29579e35510a13659b2661292b192",0.99610770397587733
2019,2,3,16,0,9.,"f60279cc5ab29579e35510a13659b2661292b192",0.99501136446316607
2019,2,3,16,0,25.,"f60279cc5ab29579e35510a13659b2661292b192",0.99309984518491334
2019,2,3,16,0,36.,"f60279cc5ab29579e35510a13659b2661292b192",1.0855223782747398
2019,2,4,21,0,9.,"f60279cc5ab29579e35510a13659b2661292b192",0.99568073583529804
2019,2,4,21,1,7.,"f60279cc5ab29579e35510a13659b2661292b192",0.99136627495347207
2019,2,4,21,1,34.,"f60279cc5ab29579e35510a13659b2661292b192",7.5797782019843751
2019,2,6,2,0,10.,"a42b672736ec2d60a27021cb17212861acc061ac",0.9974749247804463
2019,2,6,2,0,21.,"a42b672736ec2d60a27021cb17212861acc061ac",7.9197028756421171
2019,2,6,2,0,23.,"a42b672736ec2d60a27021cb17212861acc061ac",9.0397445128951848
2019,2,7,7,0,8.,"0c1ad562355579df6ead0908da1a8bd1b354ad23",0.95688500338109017
2019,2,7,7,0,18.,"0c1ad562355579df6ead0908da1a8bd1b354ad23",0.99457917374217075
2019,2,7,7,0,31.,"0c1ad562355579df6ead0908da1a8bd1b354ad23",1.0095853436538034
2019,2,8,12,0,10.,"0a4eba1b041bcbd7e5808f9b80154edd80dcbee7",0.99641435369861131
2019,2,8,12,0,21.,"0a4eba1b041bcbd7e5808f9b80154edd80dcbee7",0.99152044120514282
2019,2,8,12,0,35.,"0a4eba1b041bcbd7e5808f9b80154edd80dcbee7",0.98198760163763443
2019,2,9,17,0,8.,"0a4eba1b041bcbd7e5808f9b80154edd80dcbee7",0.98855772134064013
2019,2,9,17,0,18.,"0a4eba1b041bcbd7e5808f9b80154edd80dcbee7",0.99821188061921562
2019,2,9,17,0,40.,"0a4eba1b041bcbd7e5808f9b80154edd80dcbee7",0.9990119158262527
2019,2,10,22,0,8.,"0a4eba1b041bcbd7e5808f9b80154edd80dcbee7",0.98792690447959808
2019,2,10,22,0,19.,"0a4eba1b041bcbd7e5808f9b80154edd80dcbee7",0.99680766851416858
2019,2,10,22,0,29.,"0a4eba1b041bcbd7e5808f9b80154edd80dcbee7",8.6581228322176695
2019,2,12,3,0,8.,"0a4eba1b041bcbd7e5808f9b80154edd80dcbee7",0.9907612147914524
2019,2,12,3,0,25.,"0a4eba1b041bcbd7e5808f9b80154edd80dcbee7",0.98412883758565983
2019,2,12,3,0,40.,"0a4eba1b041bcbd7e5808f9b80154edd80dcbee7",0.98631998526086762
2019,2,13,8,0,10.,"b4904ffbf3605f1e952b4c301c9d1a7b1a3ed781",0.99174455847315124
2019,2,13,8,0,25.,"b4904ffbf3605f1e952b4c301c9d1a7b1a3ed781",0.99664786057911314
2019,2,13,8,0,42.,"b4904ffbf3605f1e952b4c301c9d1a7b1a3ed781",0.98919343775142277
2019,2,14,13,0,9.,"40711fbe450d514abdb5d4063f33427166b8c0cf",5.8521196315051425
2019,2,14,13,1,2.,"40711fbe450d514abdb5d4063f33427166b8c0cf",0.98790592998717097
2019,2,14,13,1,20.,"40711fbe450d514abdb5d4063f33427166b8c0cf",0.98437134159562578
2019,2,15,18,0,10.,"8d1e21a879ba6bd5589e3da88c0a888a64d6d97e",8.2518263381501456
2019,2,15,18,0,49.,"8d1e21a879ba6bd5589e3da88c0a888a64d6d97e",0.99115177124748988
2019,2,15,18,1,8.,"8d1e21a879ba6bd5589e3da88c0a888a64d6d97e",8.396848691641221
2019,2,16,23,0,7.,"d14f742e9f66bffdecb9ae4978c3b8410273a916",0.98896145622983267
2019,2,16,23,0,19.,"d14f742e9f66bffdecb9ae4978c3b8410273a916",5.1859981360888883
2019,2,16,23,0,24.,"d14f742e9f66bffdecb9ae4978c3b8410273a916",0.99698198978267794
2019,2,18,4,0,8.,"d14f742e9f66bffdecb9ae4978c3b8410273a916",8.353794649862996
2019,2,18,4,0,10.,"d14f742e9f66bffdecb9ae4978c3b8410273a916",0.9990827984625712
2019,2,18,4,0,25.,"d14f742e9f66bffdecb9ae4978c3b8410273a916",0.99905094301770892
2019,2,19,9,0,10.,"d14f742e9f66bffdecb9ae4978c3b8410273a916",8.6531337321013577
2019,2,19,9,0,49.,"d14f742e9f66bffdecb9ae4978c3b8410273a916",0.99276563472541168
2019,2,19,9,1,2.,"d14f742e9f66bffdecb9ae4978c3b8410273a916",0.99856233747735357
2019,2,20,16,0,9.,"3c3bf23109c9920b63ad18cb0ef434de2731e757",0.9969232790598469
2019,2,20,16,0,18.,"3c3bf23109c9920b63ad18cb0ef434de2731e757",0.99511008115996224
2019,2,20,16,0,29.,"3c3bf23109c9920b63ad18cb0ef434de2731e757",0.99271666688450466
2019,2,21,21,0,9.,"f9b72f1e1951c057f0334fa274f426987ed23476",5.6815689505691465
2019,2,21,21,1,37.,"f9b72f1e1951c057f0334fa274f426987ed23476",6.2045426257964005
2019,2,21,21,1,39.,"f9b72f1e1951c057f0334fa274f426987ed23476",0.99459554103261971
2019,3,28,2,0,7.,"bd1c11472ff3ec0990f3d55f0b2f20d92397926d",8.4085068176891671
2019,3,28,2,0,9.,"bd1c11472ff3ec0990f3d55f0b2f20d92397926d",8.8418825652526927
2019,3,28,2,0,11.,"bd1c11472ff3ec0990f3d55f0b2f20d92397926d",5.5017442258915272
2019,3,28,2,1,36.,"bd1c11472ff3ec0990f3d55f0b2f20d92397926d",8.7736582695447964
2019,3,28,2,1,38.,"bd1c11472ff3ec0990f3d55f0b2f20d92397926d",4.373114235376045
2019,3,29,7,0,8.,"bd1c11472ff3ec0990f3d55f0b2f20d92397926d",0.99936827885275603
2019,3,29,7,0,23.,"bd1c11472ff3ec0990f3d55f0b2f20d92397926d",0.99785636328238736
2019,3,29,7,0,38.,"bd1c11472ff3ec0990f3d55f0b2f20d92397926d",0.98365743639309366
2019,3,29,7,0,47.,"bd1c11472ff3ec0990f3d55f0b2f20d92397926d",0.99903040258770881
2019,3,29,7,1,2.,"bd1c11472ff3ec0990f3d55f0b2f20d92397926d",0.99951196260241404
2019,4,2,21,0,8.,"5e298af7bf1c9163d36b8ffb60312c554afbbb11",0.99446116117575489
2019,4,2,21,0,29.,"5e298af7bf1c9163d36b8ffb60312c554afbbb11",0.99684009952670982
2019,4,2,21,1,3.,"5e298af7bf1c9163d36b8ffb60312c554afbbb11",0.99773428764410266
2019,4,2,21,1,43.,"5e298af7bf1c9163d36b8ffb60312c554afbbb11",7.9242271164040607
2019,4,2,21,3,40.,"5e298af7bf1c9163d36b8ffb60312c554afbbb11",0.99599146846903064
2019,4,4,2,0,6.,"5e298af7bf1c9163d36b8ffb60312c554afbbb11",0.99554128835170119
2019,4,4,2,0,15.,"5e298af7bf1c9163d36b8ffb60312c554afbbb11",0.99774574846238462
2019,4,4,2,0,29.,"5e298af7bf1c9163d36b8ffb60312c554afbbb11",0.98958238837481249
2019,4,4,2,1,23.,"5e298af7bf1c9163d36b8ffb60312c554afbbb11",0.998828143053197
2019,4,4,2,1,35.,"5e298af7bf1c9163d36b8ffb60312c554afbbb11",8.4103006075261018
2019,4,5,7,0,7.,"5e298af7bf1c9163d36b8ffb60312c554afbbb11",0.977283360801387
2019,4,5,7,0,14.,"5e298af7bf1c9163d36b8ffb60312c554afbbb11",8.4637202167739289
2019,4,5,7,0,51.,"5e298af7bf1c9163d36b8ffb60312c554afbbb11",0.985929855425972
2019,4,5,7,1,0.,"5e298af7bf1c9163d36b8ffb60312c554afbbb11",0.99937826198079882
2019,4,5,7,1,16.,"5e298af7bf1c9163d36b8ffb60312c554afbbb11",5.8565116109252404
2019,4,6,12,0,8.,"5e298af7bf1c9163d36b8ffb60312c554afbbb11",6.6665613545770386
2019,4,6,12,0,46.,"5e298af7bf1c9163d36b8ffb60312c554afbbb11",0.99239602406153693
2019,4,6,12,0,59.,"5e298af7bf1c9163d36b8ffb60312c554afbbb11",0.99679899350364198
2019,4,6,12,1,24.,"5e298af7bf1c9163d36b8ffb60312c554afbbb11",0.98983482525998756
2019,4,6,12,1,36.,"5e298af7bf1c9163d36b8ffb60312c554afbbb11",8.5673392132309001
2019,4,7,17,0,8.,"5e298af7bf1c9163d36b8ffb60312c554afbbb11",0.99500314190960759
2019,4,7,17,0,20.,"5e298af7bf1c9163d36b8ffb60312c554afbbb11",0.9946647348898563
2019,4,7,17,0,30.,"5e298af7bf1c9163d36b8ffb60312c554afbbb11",0.99414122223565593
2019,4,7,17,0,43.,"5e298af7bf1c9163d36b8ffb60312c554afbbb11",0.99364735542669269
2019,4,7,17,0,57.,"5e298af7bf1c9163d36b8ffb60312c554afbbb11",0.9905808335555556
2019,4,8,22,0,10.,"5e298af7bf1c9163d36b8ffb60312c554afbbb11",0.99910731901107708
2019,4,8,22,1,3.,"5e298af7bf1c9163d36b8ffb60312c554afbbb11",0.99990140137196426
2019,4,8,22,1,40.,"5e298af7bf1c9163d36b8ffb60312c554afbbb11",0.99067786947678826
2019,4,8,22,2,13.,"5e298af7bf1c9163d36b8ffb60312c554afbbb11",7.8332667704173007
2019,4,8,22,2,19.,"5e298af7bf1c9163d36b8ffb60312c554afbbb11",8.0064529006788234
2019,4,10,3,0,8.,"5e298af7bf1c9163d36b8ffb60312c554afbbb11",1.9858166812995426
2019,4,10,3,0,10.,"5e298af7bf1c9163d36b8ffb60312c554afbbb11",0.99551171968170571
2019,4,10,3,0,19.,"5e298af7bf1c9163d36b8ffb60312c554afbbb11",0.98394516355689865
2019,4,10,3,0,32.,"5e298af7bf1c9163d36b8ffb60312c554afbbb11",8.756616100107756
2019,4,10,3,0,34.,"5e298af7bf1c9163d36b8ffb60312c554afbbb11",0.99186915434889877
2019,4,11,8,0,6.,"5e298af7bf1c9163d36b8ffb60312c554afbbb11",0.99710175529442091
2019,4,11,8,0,15.,"5e298af7bf1c9163d36b8ffb60312c554afbbb11",0.99778877130339205
2019,4,11,8,0,38.,"5e298af7bf1c9163d36b8ffb60312c554afbbb11",8.8226496114335582
2019,4,11,8,0,40.,"5e298af7bf1c9163d36b8ffb60312c554afbbb11",0.99951718782950782
2019,4,11,8,0,59.,"5e298af7bf1c9163d36b8ffb60312c554afbbb11",0.98301901047510709
2019,4,12,13,0,6.,"5e298af7bf1c9163d36b8ffb60312c554afbbb11",0.99153166841697937
2019,4,12,13,0,19.,"5e298af7bf1c9163d36b8ffb60312c554afbbb11",0.99851023924488902
2019,4,12,13,0,47.,"5e298af7bf1c9163d36b8ffb60312c554afbbb11",0.99681194764137016
2019,4,12,13,0,58.,"5e298af7bf1c9163d36b8ffb60312c554afbbb11",0.9977206318380627
2019,4,12,13,1,12.,"5e298af7bf1c9163d36b8ffb60312c554afbbb11",0.99105852284493379
2019,4,13,18,0,7.,"5e298af7bf1c9163d36b8ffb60312c554afbbb11",0.98868114721757872
2019,4,13,18,0,18.,"5e298af7bf1c9163d36b8ffb60312c554afbbb11",0.99607011832828296
2019,4,13,18,0,37.,"5e298af7bf1c9163d36b8ffb60312c554afbbb11",0.9801708028085272
2019,4,13,18,0,55.,"5e298af7bf1c9163d36b8ffb60312c554afbbb11",0.99512734539239733
2019,4,13,18,1,7.,"5e298af7bf1c9163d36b8ffb60312c554afbbb11",0.99986366024046747
2019,4,14,23,0,6.,"5e298af7bf1c9163d36b8ffb60312c554afbbb11",1.0008661796091516
2019,4,14,23,0,13.,"5e298af7bf1c9163d36b8ffb60312c554afbbb11",0.99278921908307993
2019,4,14,23,0,25.,"5e298af7bf1c9163d36b8ffb60312c554afbbb11",0.98325182939749167
2019,4,14,23,0,36.,"5e298af7bf1c9163d36b8ffb60312c554afbbb11",0.99893179102270835
2019,4,14,23,0,52.,"5e298af7bf1c9163d36b8ffb60312c554afbbb11",0.99278849797724555
2019,4,16,4,0,7.,"5e298af7bf1c9163d36b8ffb60312c554afbbb11",0.99834632112692334
2019,4,16,4,0,24.,"5e298af7bf1c9163d36b8ffb60312c554afbbb11",0.99551614429496815
2019,4,16,4,0,44.,"5e298af7bf1c9163d36b8ffb60312c554afbbb11",0.99284520641547014
2019,4,16,4,0,55.,"5e298af7bf1c9163d36b8ffb60312c554afbbb11",0.99591056053136617
2019,4,16,4,1,6.,"5e298af7bf1c9163d36b8ffb60312c554afbbb11",0.99614574479114237
2019,4,17,9,0,6.,"5e298af7bf1c9163d36b8ffb60312c554afbbb11",1.0708856117435168
2019,4,17,9,0,10.,"5e298af7bf1c9163d36b8ffb60312c554afbbb11",0.99698446101199079
2019,4,17,9,0,18.,"5e298af7bf1c9163d36b8ffb60312c554afbbb11",0.98196479228048739
2019,4,17,9,0,28.,"5e298af7bf1c9163d36b8ffb60312c554afbbb11",0.99826603838855155
2019,4,17,9,0,37.,"5e298af7bf1c9163d36b8ffb60312c554afbbb11",6.0404994832795493
2019,4,18,14,0,11.,"545c15a15594c0af207dcddb8e01889f0307cd62",9.2685911251929482
2019,4,18,14,0,13.,"545c15a15594c0af207dcddb8e01889f0307cd62",0.98530451484402482
2019,4,18,14,0,26.,"545c15a15594c0af207dcddb8e01889f0307cd62",0.98841959924381284
2019,4,18,14,0,44.,"545c15a15594c0af207dcddb8e01889f0307cd62",0.99528756576622357
2019,4,18,14,0,53.,"545c15a15594c0af207dcddb8e01889f0307cd62",0.99453126018963422
2019,4,19,15,54,58.,"545c15a15594c0af207dcddb8e01889f0307cd62",0.99500482061318662
2019,4,19,15,55,7.,"545c15a15594c0af207dcddb8e01889f0307cd62",0.98991076607036765
2019,4,19,15,55,23.,"545c15a15594c0af207dcddb8e01889f0307cd62",0.99484207503341293
2019,4,19,15,55,31.,"545c15a15594c0af207dcddb8e01889f0307cd62",0.99763493335275788
2019,4,19,15,55,40.,"545c15a15594c0af207dcddb8e01889f0307cd62",0.9920434032327069
2019,4,19,16,7,44.,"545c15a15594c0af207dcddb8e01889f0307cd62",0.99096995913864128
2019,4,19,16,7,56.,"545c15a15594c0af207dcddb8e01889f0307cd62",0.99441196263571041
2019,4,19,16,8,7.,"545c15a15594c0af207dcddb8e01889f0307cd62",0.99400492893860137
2019,4,19,16,8,20.,"545c15a15594c0af207dcddb8e01889f0307cd62",0.98968625365496177
2019,4,19,16,8,41.,"545c15a15594c0af207dcddb8e01889f0307cd62",4.9881712864529222
2019,4,19,16,33,47.,"545c15a15594c0af207dcddb8e01889f0307cd62",0.99007065195105193
2019,4,19,16,33,59.,"545c15a15594c0af207dcddb8e01889f0307cd62",8.1153889355475357
2019,4,19,16,55,35.,"545c15a15594c0af207dcddb8e01889f0307cd62",0.98741619996763663
2019,4,19,16,55,50.,"545c15a15594c0af207dcddb8e01889f0307cd62",8.9804663568810703
2019,4,21,0,0,33.,"545c15a15594c0af207dcddb8e01889f0307cd62",0.99083448134380658
2019,4,21,0,0,47.,"545c15a15594c0af207dcddb8e01889f0307cd62",0.97667717713661562
2019,4,21,0,1,1.,"545c15a15594c0af207dcddb8e01889f0307cd62",0.99781345039786518
2019,4,21,0,1,13.,"545c15a15594c0af207dcddb8e01889f0307cd62",1.0594614381957275
2019,4,21,0,1,19.,"545c15a15594c0af207dcddb8e01889f0307cd62",0.99719417592980131
2019,4,22,5,0,33.,"7857b1e6c812a765fa2448f4569add836e1a52a4",0.99824285984530004
2019,4,22,5,0,47.,"7857b1e6c812a765fa2448f4569add836e1a52a4",0.98772932967454574
2019,4,22,5,1,2.,"7857b1e6c812a765fa2448f4569add836e1a52a4",0.99528394421740385
2019,4,22,5,1,16.,"7857b1e6c812a765fa2448f4569add836e1a52a4",0.99966477763085326
2019,4,22,5,1,29.,"7857b1e6c812a765fa2448f4569add836e1a52a4",0.99713135474121173
2019,4,23,11,0,43.,"c912c2853e80fda9c3fc218f293c05b8a7b541cf",0.98773961036155455
2019,4,23,11,0,55.,"c912c2853e80fda9c3fc218f293c05b8a7b541cf",0.9962606105455053
2019,4,23,11,1,9.,"c912c2853e80fda9c3fc218f293c05b8a7b541cf",0.9863611339936651
2019,4,23,11,1,18.,"c912c2853e80fda9c3fc218f293c05b8a7b541cf",1.02919521677528
2019,4,23,11,1,25.,"c912c2853e80fda9c3fc218f293c05b8a7b541cf",0.99082644044657742
2019,4,24,16,0,43.,"455511c86af7f2013641432ee8934d095580bf5f",1.0259965870424994
2019,4,24,16,0,53.,"455511c86af7f2013641432ee8934d095580bf5f",0.99035836365048446
2019,4,24,16,1,5.,"455511c86af7f2013641432ee8934d095580bf5f",0.99475549227477178
2019,4,24,16,1,21.,"455511c86af7f2013641432ee8934d095580bf5f",0.99639464156277113
2019,4,24,16,1,39.,"455511c86af7f2013641432ee8934d095580bf5f",0.99177698462383734
2019,4,26,0,0,36.,"816bed2b3c0246bb87192600c9224babb41fe54d",8.8182543441883876
2019,4,26,0,0,39.,"816bed2b3c0246bb87192600c9224babb41fe54d",8.574980768283547
2019,4,26,0,1,18.,"816bed2b3c0246bb87192600c9224babb41fe54d",0.99156718674536415
2019,4,26,0,1,30.,"816bed2b3c0246bb87192600c9224babb41fe54d",0.99802013144782165
2019,4,26,0,1,42.,"816bed2b3c0246bb87192600c9224babb41fe54d",0.99776255650261592
2019,4,27,18,0,30.,"816bed2b3c0246bb87192600c9224babb41fe54d",0.99509387023839979
2019,4,27,18,0,41.,"816bed2b3c0246bb87192600c9224babb41fe54d",0.99799786691491488
2019,4,27,18,0,53.,"816bed2b3c0246bb87192600c9224babb41fe54d",0.99732301402446977
2019,4,27,18,1,2.,"816bed2b3c0246bb87192600c9224babb41fe54d",0.9777035842043359
2019,4,27,18,1,10.,"816bed2b3c0246bb87192600c9224babb41fe54d",0.99570315474104343
2019,4,30,4,0,38.,"816bed2b3c0246bb87192600c9224babb41fe54d",0.99879896800179358
2019,4,30,4,0,47.,"816bed2b3c0246bb87192600c9224babb41fe54d",0.99616655388580278
2019,4,30,4,0,56.,"816bed2b3c0246bb87192600c9224babb41fe54d",0.99716717217860507
2019,4,30,4,1,4.,"816bed2b3c0246bb87192600c9224babb41fe54d",5.0848657837888647
2019,4,30,4,1,9.,"816bed2b3c0246bb87192600c9224babb41fe54d",7.7323288066030518
2019,5,2,14,0,45.,"9dd19c6d0c9dcd529146e7896e785fc76be21806",7.3602464504614531
2019,5,2,14,1,26.,"9dd19c6d0c9dcd529146e7896e785fc76be21806",0.99163797442577695
2019,5,2,14,1,36.,"9dd19c6d0c9dcd529146e7896e785fc76be21806",8.4310268674451443
2019,5,2,14,2,18.,"9dd19c6d0c9dcd529146e7896e785fc76be21806",0.99301259088057392
2019,5,2,14,2,28.,"9dd19c6d0c9dcd529146e7896e785fc76be21806",0.99496007192352198
2019,5,5,0,0,34.,"9dd19c6d0c9dcd529146e7896e785fc76be21806",0.99757799343874409
2019,5,5,0,0,57.,"9dd19c6d0c9dcd529146e7896e785fc76be21806",8.5165079945289239
2019,5,5,0,0,59.,"9dd19c6d0c9dcd529146e7896e785fc76be21806",7.2897206301798256
2019,5,5,0,1,1.,"9dd19c6d0c9dcd529146e7896e785fc76be21806",0.99612489063243992
2019,5,5,0,1,11.,"9dd19c6d0c9dcd529146e7896e785fc76be21806",0.99448807585113941
2019,5,7,10,0,42.,"9dd19c6d0c9dcd529146e7896e785fc76be21806",7.5826678336924234
2019,5,7,10,1,23.,"9dd19c6d0c9dcd529146e7896e785fc76be21806",0.99805259813589064
2019,5,7,10,1,39.,"9dd19c6d0c9dcd529146e7896e785fc76be21806",0.98685868494099716
2019,5,7,10,1,48.,"9dd19c6d0c9dcd529146e7896e785fc76be21806",8.1540742598069524
2019,5,7,10,1,49.,"9dd19c6d0c9dcd529146e7896e785fc76be21806",0.99828748716092197
2019,5,8,16,0,51.,"9dd19c6d0c9dcd529146e7896e785fc76be21806",0.98118763447035762
2019,5,8,16,1,2.,"9dd19c6d0c9dcd529146e7896e785fc76be21806",8.5523881008716724
2019,5,8,16,1,4.,"9dd19c6d0c9dcd529146e7896e785fc76be21806",0.9950811981786869
2019,5,8,16,1,27.,"9dd19c6d0c9dcd529146e7896e785fc76be21806",0.98910649007863827
2019,5,8,16,1,49.,"9dd19c6d0c9dcd529146e7896e785fc76be21806",7.8898191016078973
2019,5,9,23,0,37.,"9dd19c6d0c9dcd529146e7896e785fc76be21806",0.99085994736941219
2019,5,11,4,0,33.,"9dd19c6d0c9dcd529146e7896e785fc76be21806",9.4745132142151824
2019,5,12,9,0,32.,"9dd19c6d0c9dcd529146e7896e785fc76be21806",0.9923906736966378
2019,5,13,14,0,45.,"9dd19c6d0c9dcd529146e7896e785fc76be21806",0.98804779301295442
