2018,8,25,1,57,23.,"5c5b3bfb2e6f3f99071917f4c68c7d940d32f18b",0.9998559381062434
2018,8,25,3,44,18.,"5c5b3bfb2e6f3f99071917f4c68c7d940d32f18b",0.99298942440849103
2018,8,25,5,31,49.,"5c5b3bfb2e6f3f99071917f4c68c7d940d32f18b",0.99864285818922094
2018,8,25,7,12,11.,"5c5b3bfb2e6f3f99071917f4c68c7d940d32f18b",0.99872253579314207
2018,8,25,8,54,31.,"5c5b3bfb2e6f3f99071917f4c68c7d940d32f18b",0.99942165800620897
2018,8,25,10,41,44.,"5c5b3bfb2e6f3f99071917f4c68c7d940d32f18b",0.9981135820680348
2018,8,25,12,21,6.,"5c5b3bfb2e6f3f99071917f4c68c7d940d32f18b",0.9982578320165667
2018,8,25,13,55,59.,"5c5b3bfb2e6f3f99071917f4c68c7d940d32f18b",0.99971101486711267
2018,8,25,15,38,26.,"5c5b3bfb2e6f3f99071917f4c68c7d940d32f18b",0.9999849116754711
2018,8,25,17,17,46.,"5c5b3bfb2e6f3f99071917f4c68c7d940d32f18b",0.99832030618178658
2018,8,25,19,0,52.,"5c5b3bfb2e6f3f99071917f4c68c7d940d32f18b",0.99803079092201152
2018,8,25,20,43,37.,"5c5b3bfb2e6f3f99071917f4c68c7d940d32f18b",0.99901962618173246
2018,8,25,22,31,18.,"5c5b3bfb2e6f3f99071917f4c68c7d940d32f18b",0.99988992157507861
2018,8,26,0,13,55.,"5c5b3bfb2e6f3f99071917f4c68c7d940d32f18b",0.9962863666879227
2018,8,26,2,9,17.,"5c5b3bfb2e6f3f99071917f4c68c7d940d32f18b",0.99997146812370763
2018,8,26,3,52,12.,"5c5b3bfb2e6f3f99071917f4c68c7d940d32f18b",0.99647628071965111
2018,8,26,5,25,55.,"5c5b3bfb2e6f3f99071917f4c68c7d940d32f18b",0.99480134119579622
2018,8,26,7,6,4.,"5c5b3bfb2e6f3f99071917f4c68c7d940d32f18b",0.99766893437340676
2018,8,26,8,53,20.,"5c5b3bfb2e6f3f99071917f4c68c7d940d32f18b",0.99880966416180883
2018,8,26,10,46,37.,"5c5b3bfb2e6f3f99071917f4c68c7d940d32f18b",0.99724531479347311
2018,8,26,12,36,58.,"5c5b3bfb2e6f3f99071917f4c68c7d940d32f18b",0.99919666732895684
2018,8,26,14,13,50.,"5c5b3bfb2e6f3f99071917f4c68c7d940d32f18b",0.99771699135645919
2018,8,26,16,12,4.,"5c5b3bfb2e6f3f99071917f4c68c7d940d32f18b",0.99944022350670658
2018,8,26,18,4,18.,"5c5b3bfb2e6f3f99071917f4c68c7d940d32f18b",0.99924235045879095
2018,8,26,19,51,10.,"5c5b3bfb2e6f3f99071917f4c68c7d940d32f18b",0.99835368546868275
2018,8,26,21,48,27.,"5c5b3bfb2e6f3f99071917f4c68c7d940d32f18b",0.99953638104208486
2018,8,26,23,39,7.,"5c5b3bfb2e6f3f99071917f4c68c7d940d32f18b",0.99811499077817167
2018,8,27,1,33,0.,"5c5b3bfb2e6f3f99071917f4c68c7d940d32f18b",0.99968163029429735
2018,8,27,3,26,8.,"5c5b3bfb2e6f3f99071917f4c68c7d940d32f18b",0.99892503687308198
2018,8,27,5,17,43.,"5c5b3bfb2e6f3f99071917f4c68c7d940d32f18b",0.99755572128717262
2018,8,27,7,25,7.,"5c5b3bfb2e6f3f99071917f4c68c7d940d32f18b",0.99866800257454158
2018,8,27,9,26,15.,"5c5b3bfb2e6f3f99071917f4c68c7d940d32f18b",0.99993930883028659
2018,8,27,11,20,48.,"5c5b3bfb2e6f3f99071917f4c68c7d940d32f18b",0.99987240898613172
2018,8,27,13,22,28.,"5c5b3bfb2e6f3f99071917f4c68c7d940d32f18b",0.99828791203343548
2018,8,27,15,13,53.,"4328977f56539697cfb485c420ae27ca1c06f595",0.99871325520721066
2018,8,27,16,55,2.,"b4d59a32cb141f56995dd3d431c36e96831dd680",0.99884477374264979
2018,8,27,18,40,49.,"b4d59a32cb141f56995dd3d431c36e96831dd680",0.99951139184433269
2018,8,27,20,46,18.,"1798b1908b3c54d3fa6fdfca3d9d263fae4f87fa",0.99779391788897554
2018,8,27,22,15,34.,"1798b1908b3c54d3fa6fdfca3d9d263fae4f87fa",0.99957087904004738
2018,8,27,23,45,17.,"1798b1908b3c54d3fa6fdfca3d9d263fae4f87fa",0.9999983940427738
2018,8,28,1,21,39.,"1798b1908b3c54d3fa6fdfca3d9d263fae4f87fa",0.99519476360707426
2018,8,28,3,2,58.,"1798b1908b3c54d3fa6fdfca3d9d263fae4f87fa",0.99759225788794348
2018,8,28,4,31,7.,"1798b1908b3c54d3fa6fdfca3d9d263fae4f87fa",0.99931940388941176
2018,8,28,6,10,5.,"1798b1908b3c54d3fa6fdfca3d9d263fae4f87fa",0.99857545172738016
2018,8,28,7,44,5.,"1798b1908b3c54d3fa6fdfca3d9d263fae4f87fa",0.99909837533709478
2018,8,28,9,23,30.,"1798b1908b3c54d3fa6fdfca3d9d263fae4f87fa",0.99688501694237375
2018,8,28,10,54,24.,"1798b1908b3c54d3fa6fdfca3d9d263fae4f87fa",0.99411833674827721
2018,8,28,12,30,54.,"1798b1908b3c54d3fa6fdfca3d9d263fae4f87fa",0.99706533509589579
2018,8,28,14,9,30.,"1798b1908b3c54d3fa6fdfca3d9d263fae4f87fa",0.9986193275233024
2018,8,31,3,0,8.,"647b6a9b376e0e007f669ebc16a838d901a88dd6",0.99959718644393503
2018,9,1,12,0,7.,"9cd39a0350182cab438f34238556aedadf8c6166",0.9995291401152383
2018,9,2,21,0,8.,"9cd39a0350182cab438f34238556aedadf8c6166",0.99956343012867888
2018,9,4,6,0,8.,"9cd39a0350182cab438f34238556aedadf8c6166",0.99951099353818529
2018,9,4,6,0,9.,"9cd39a0350182cab438f34238556aedadf8c6166",0.99521440818514684
2018,9,4,6,0,10.,"9cd39a0350182cab438f34238556aedadf8c6166",0.99671622088229039
2018,9,5,15,0,8.,"9cd39a0350182cab438f34238556aedadf8c6166",0.9962235686628258
2018,9,5,15,0,9.,"9cd39a0350182cab438f34238556aedadf8c6166",0.99665728815211219
2018,9,5,15,0,10.,"9cd39a0350182cab438f34238556aedadf8c6166",0.99463989244119022
2018,9,7,0,0,7.,"9cd39a0350182cab438f34238556aedadf8c6166",1.8353711412610452
2018,9,7,0,0,8.,"9cd39a0350182cab438f34238556aedadf8c6166",0.99783032462729171
2018,9,7,0,0,9.,"9cd39a0350182cab438f34238556aedadf8c6166",0.99735575041349744
2018,9,8,9,0,7.,"9cd39a0350182cab438f34238556aedadf8c6166",0.99841002018332803
2018,9,8,9,0,8.,"9cd39a0350182cab438f34238556aedadf8c6166",0.9971209279607498
2018,9,8,9,0,10.,"9cd39a0350182cab438f34238556aedadf8c6166",0.99693886461063808
2018,9,9,18,0,9.,"9cd39a0350182cab438f34238556aedadf8c6166",0.99782876604053516
2018,9,9,18,0,10.,"9cd39a0350182cab438f34238556aedadf8c6166",0.99892790563273026
2018,9,9,18,0,11.,"9cd39a0350182cab438f34238556aedadf8c6166",0.99774468501830516
2018,9,11,3,0,10.,"9cd39a0350182cab438f34238556aedadf8c6166",0.99866388448233334
2018,9,11,3,0,11.,"9cd39a0350182cab438f34238556aedadf8c6166",0.99340650905662908
2018,9,11,3,0,12.,"9cd39a0350182cab438f34238556aedadf8c6166",0.99865879734729857
2018,9,12,12,0,9.,"9cd39a0350182cab438f34238556aedadf8c6166",0.99906317915874898
2018,9,12,12,0,10.,"9cd39a0350182cab438f34238556aedadf8c6166",0.99724621313815986
2018,9,12,12,0,12.,"9cd39a0350182cab438f34238556aedadf8c6166",0.99807266198562838
2018,9,14,0,0,8.,"9cd39a0350182cab438f34238556aedadf8c6166",0.99789835302046348
2018,9,14,0,0,10.,"9cd39a0350182cab438f34238556aedadf8c6166",0.99222892543329699
2018,9,14,0,0,11.,"9cd39a0350182cab438f34238556aedadf8c6166",0.99754184585147321
2018,9,15,13,0,7.,"9cd39a0350182cab438f34238556aedadf8c6166",0.99956273194727874
2018,9,15,13,0,9.,"9cd39a0350182cab438f34238556aedadf8c6166",0.99872918442040015
2018,9,15,13,0,11.,"9cd39a0350182cab438f34238556aedadf8c6166",0.99888902862249906
2018,9,16,22,0,8.,"9cd39a0350182cab438f34238556aedadf8c6166",0.99874423355449593
2018,9,16,22,0,9.,"9cd39a0350182cab438f34238556aedadf8c6166",0.99976311517573901
2018,9,16,22,0,10.,"9cd39a0350182cab438f34238556aedadf8c6166",0.99942541537503571
2018,9,18,7,0,9.,"9cd39a0350182cab438f34238556aedadf8c6166",0.99281252425440014
2018,9,18,7,0,11.,"9cd39a0350182cab438f34238556aedadf8c6166",0.99669800441760525
2018,9,18,7,0,13.,"9cd39a0350182cab438f34238556aedadf8c6166",0.99920164473263218
2018,9,21,6,0,7.,"3237f2c9842a6242d35f9c944ba2e676551bbd83",0.9988529570267034
2018,9,21,6,0,8.,"3237f2c9842a6242d35f9c944ba2e676551bbd83",0.99922825585501152
2018,9,21,6,0,9.,"3237f2c9842a6242d35f9c944ba2e676551bbd83",0.99825716984403101
2018,9,21,11,38,20.,"3237f2c9842a6242d35f9c944ba2e676551bbd83",0.99585131755601086
2018,9,22,20,0,7.,"3237f2c9842a6242d35f9c944ba2e676551bbd83",0.9966361200685081
2018,9,22,20,0,8.,"3237f2c9842a6242d35f9c944ba2e676551bbd83",0.99916624479137239
2018,9,22,20,0,9.,"3237f2c9842a6242d35f9c944ba2e676551bbd83",0.9997786212148444
2018,9,27,15,0,8.,"b4445e675939853887c2bf795db3accf536b6e3e",0.99981730676855873
2018,9,27,15,0,9.,"b4445e675939853887c2bf795db3accf536b6e3e",0.99790129905345182
2018,9,27,15,0,10.,"b4445e675939853887c2bf795db3accf536b6e3e",0.99552190646238381
2018,9,28,19,0,7.,"b4445e675939853887c2bf795db3accf536b6e3e",0.99974478068387507
2018,9,28,19,0,8.,"b4445e675939853887c2bf795db3accf536b6e3e",0.99913353218279422
2018,9,28,19,0,9.,"b4445e675939853887c2bf795db3accf536b6e3e",0.99966457046238677
2018,9,29,23,0,7.,"b4445e675939853887c2bf795db3accf536b6e3e",0.99878217078363307
2018,9,29,23,0,8.,"b4445e675939853887c2bf795db3accf536b6e3e",0.99631935866651822
2018,9,29,23,0,9.,"b4445e675939853887c2bf795db3accf536b6e3e",0.99769978972496265
2018,10,3,6,0,7.,"448fffc2b41d23f9216c836793f50c95650c642b",0.99641500993318766
2018,10,3,6,0,8.,"448fffc2b41d23f9216c836793f50c95650c642b",0.9928482178855994
2018,10,3,6,0,9.,"448fffc2b41d23f9216c836793f50c95650c642b",0.99859911979356952
2018,10,4,2,0,8.,"03d93fc7a9d6efad5f947f17ce6d096b86da7f9d",0.99963529225597236
2018,10,4,2,0,9.,"03d93fc7a9d6efad5f947f17ce6d096b86da7f9d",0.99723701188309655
2018,10,4,2,0,10.,"03d93fc7a9d6efad5f947f17ce6d096b86da7f9d",1.0664436187384268
2018,10,5,5,0,6.,"3ca8d4ee79af4114764f5d0e6cf6ed3b384588c6",0.99846774727447418
2018,10,5,5,0,7.,"3ca8d4ee79af4114764f5d0e6cf6ed3b384588c6",0.9997465536447514
2018,10,5,5,0,8.,"3ca8d4ee79af4114764f5d0e6cf6ed3b384588c6",0.9938169234095463
2018,10,6,8,0,7.,"3ca8d4ee79af4114764f5d0e6cf6ed3b384588c6",0.99736805465174305
2018,10,6,8,0,8.,"3ca8d4ee79af4114764f5d0e6cf6ed3b384588c6",0.99950028180069195
2018,10,6,8,0,9.,"3ca8d4ee79af4114764f5d0e6cf6ed3b384588c6",0.99979013298535968
2018,10,7,11,0,8.,"3ca8d4ee79af4114764f5d0e6cf6ed3b384588c6",0.99988692174129723
2018,10,7,11,0,9.,"3ca8d4ee79af4114764f5d0e6cf6ed3b384588c6",0.99429805434495533
2018,10,7,11,0,10.,"3ca8d4ee79af4114764f5d0e6cf6ed3b384588c6",0.99752002896778436
2018,10,8,14,0,9.,"3ca8d4ee79af4114764f5d0e6cf6ed3b384588c6",0.9978145854501298
2018,10,8,14,0,10.,"3ca8d4ee79af4114764f5d0e6cf6ed3b384588c6",0.99856808889456106
2018,10,8,14,0,11.,"3ca8d4ee79af4114764f5d0e6cf6ed3b384588c6",0.99550569501817565
2018,10,9,17,0,9.,"3ca8d4ee79af4114764f5d0e6cf6ed3b384588c6",0.99946912629552786
2018,10,9,17,0,10.,"3ca8d4ee79af4114764f5d0e6cf6ed3b384588c6",0.9981597611159706
2018,10,9,17,0,11.,"3ca8d4ee79af4114764f5d0e6cf6ed3b384588c6",0.99693530202887215
2018,10,10,20,0,5.,"3ca8d4ee79af4114764f5d0e6cf6ed3b384588c6",0.99954940438703477
2018,10,10,20,0,6.,"3ca8d4ee79af4114764f5d0e6cf6ed3b384588c6",0.99973654452267502
2018,10,10,20,0,7.,"3ca8d4ee79af4114764f5d0e6cf6ed3b384588c6",0.99845698056421584
2018,10,11,23,0,7.,"3ca8d4ee79af4114764f5d0e6cf6ed3b384588c6",0.99969973273660029
2018,10,11,23,0,8.,"3ca8d4ee79af4114764f5d0e6cf6ed3b384588c6",0.99959649995511157
2018,10,11,23,0,9.,"3ca8d4ee79af4114764f5d0e6cf6ed3b384588c6",0.99918830999427044
2018,10,13,2,0,8.,"3ca8d4ee79af4114764f5d0e6cf6ed3b384588c6",0.99995582037540576
2018,10,13,2,0,9.,"3ca8d4ee79af4114764f5d0e6cf6ed3b384588c6",0.99751894284835874
2018,10,13,2,0,10.,"3ca8d4ee79af4114764f5d0e6cf6ed3b384588c6",0.99948578093082563
2018,10,14,5,0,6.,"3ca8d4ee79af4114764f5d0e6cf6ed3b384588c6",0.99911971854151049
2018,10,14,5,0,7.,"3ca8d4ee79af4114764f5d0e6cf6ed3b384588c6",0.99953972493960574
2018,10,14,5,0,8.,"3ca8d4ee79af4114764f5d0e6cf6ed3b384588c6",0.99949303472015261
2018,10,15,8,0,7.,"3ca8d4ee79af4114764f5d0e6cf6ed3b384588c6",0.99960526819209805
2018,10,15,8,0,8.,"3ca8d4ee79af4114764f5d0e6cf6ed3b384588c6",0.99935441430077832
2018,10,15,8,0,9.,"3ca8d4ee79af4114764f5d0e6cf6ed3b384588c6",0.99874274379887706
2018,10,16,10,0,9.,"3ca8d4ee79af4114764f5d0e6cf6ed3b384588c6",0.99920505960669514
2018,10,16,10,0,10.,"3ca8d4ee79af4114764f5d0e6cf6ed3b384588c6",0.99488891761941356
2018,10,16,10,0,11.,"3ca8d4ee79af4114764f5d0e6cf6ed3b384588c6",0.99993193908483424
2018,10,17,12,0,7.,"3ca8d4ee79af4114764f5d0e6cf6ed3b384588c6",0.997836609150341
2018,10,17,12,0,8.,"3ca8d4ee79af4114764f5d0e6cf6ed3b384588c6",0.99954923050584321
2018,10,17,12,0,9.,"3ca8d4ee79af4114764f5d0e6cf6ed3b384588c6",0.99940824152161478
2018,10,18,14,0,8.,"3ca8d4ee79af4114764f5d0e6cf6ed3b384588c6",0.99881693947195438
2018,10,18,14,0,9.,"3ca8d4ee79af4114764f5d0e6cf6ed3b384588c6",0.99973647479047567
2018,10,18,14,0,10.,"3ca8d4ee79af4114764f5d0e6cf6ed3b384588c6",0.99981222702273054
2018,10,19,16,0,10.,"b6be04f7dcf9291df524a7910d2afb3db1329d2e",0.99951406566645817
2018,10,19,16,0,11.,"b6be04f7dcf9291df524a7910d2afb3db1329d2e",0.99794927930304711
2018,10,19,16,0,12.,"b6be04f7dcf9291df524a7910d2afb3db1329d2e",0.99921313380864041
2018,10,20,18,0,8.,"b6be04f7dcf9291df524a7910d2afb3db1329d2e",0.99685275013060415
2018,10,20,18,0,9.,"b6be04f7dcf9291df524a7910d2afb3db1329d2e",0.99791179539293451
2018,10,20,18,0,10.,"b6be04f7dcf9291df524a7910d2afb3db1329d2e",0.99898236021832321
2018,10,21,20,0,6.,"b6be04f7dcf9291df524a7910d2afb3db1329d2e",0.9988601977537509
2018,10,21,20,0,7.,"b6be04f7dcf9291df524a7910d2afb3db1329d2e",0.99971392865871156
2018,10,21,20,0,8.,"b6be04f7dcf9291df524a7910d2afb3db1329d2e",0.99848142183434052
2018,10,22,22,0,10.,"b6be04f7dcf9291df524a7910d2afb3db1329d2e",0.99701293079692344
2018,10,22,22,0,11.,"b6be04f7dcf9291df524a7910d2afb3db1329d2e",0.9959251328777271
2018,10,22,22,0,12.,"b6be04f7dcf9291df524a7910d2afb3db1329d2e",0.99503705783897023
2018,10,24,0,0,8.,"b6be04f7dcf9291df524a7910d2afb3db1329d2e",0.99975693673847699
2018,10,24,0,0,9.,"b6be04f7dcf9291df524a7910d2afb3db1329d2e",0.9977802361286231
2018,10,24,0,0,10.,"b6be04f7dcf9291df524a7910d2afb3db1329d2e",0.9994259945829993
2018,10,25,2,0,7.,"b6be04f7dcf9291df524a7910d2afb3db1329d2e",0.99115508306723721
2018,10,25,2,0,8.,"b6be04f7dcf9291df524a7910d2afb3db1329d2e",0.99924895280474668
2018,10,25,2,0,9.,"b6be04f7dcf9291df524a7910d2afb3db1329d2e",0.99912754276471138
2018,10,26,4,0,6.,"b6be04f7dcf9291df524a7910d2afb3db1329d2e",0.99331186318236653
2018,10,26,4,0,7.,"b6be04f7dcf9291df524a7910d2afb3db1329d2e",0.99981885678892257
2018,10,26,4,0,8.,"b6be04f7dcf9291df524a7910d2afb3db1329d2e",0.9999730109037519
2018,10,27,6,0,8.,"b6be04f7dcf9291df524a7910d2afb3db1329d2e",0.99899392136479281
2018,10,27,6,0,9.,"b6be04f7dcf9291df524a7910d2afb3db1329d2e",0.99824737964532095
2018,10,27,6,0,10.,"b6be04f7dcf9291df524a7910d2afb3db1329d2e",0.99958227548376077
2018,10,28,7,0,6.,"b6be04f7dcf9291df524a7910d2afb3db1329d2e",0.99948005038400589
2018,10,28,7,0,8.,"b6be04f7dcf9291df524a7910d2afb3db1329d2e",0.99891151752886409
2018,10,28,7,0,9.,"b6be04f7dcf9291df524a7910d2afb3db1329d2e",0.99688620351965862
2018,10,29,9,0,7.,"b6be04f7dcf9291df524a7910d2afb3db1329d2e",0.99808402706353605
2018,10,29,9,0,8.,"b6be04f7dcf9291df524a7910d2afb3db1329d2e",0.99946025715702835
2018,10,29,9,0,9.,"b6be04f7dcf9291df524a7910d2afb3db1329d2e",0.99676756657517906
2018,10,30,11,0,9.,"b6be04f7dcf9291df524a7910d2afb3db1329d2e",0.9988236842544872
2018,10,30,11,0,10.,"b6be04f7dcf9291df524a7910d2afb3db1329d2e",0.99957264977578819
2018,10,30,11,0,12.,"b6be04f7dcf9291df524a7910d2afb3db1329d2e",0.99356116163396935
2018,10,31,13,0,8.,"b3d579e10527edfbccec5ff9cc57cc74d360a639",0.99845266437140789
2018,10,31,13,0,9.,"b3d579e10527edfbccec5ff9cc57cc74d360a639",0.98975916194195834
2018,10,31,13,0,11.,"b3d579e10527edfbccec5ff9cc57cc74d360a639",0.99580783578197851
2018,11,1,15,0,7.,"8f259ca1177cc73696c4b1de23a1a7050cc9fcdb",0.99768867684797946
2018,11,1,15,0,8.,"8f259ca1177cc73696c4b1de23a1a7050cc9fcdb",0.9967532730937595
2018,11,1,15,0,9.,"8f259ca1177cc73696c4b1de23a1a7050cc9fcdb",1.0217244032966755
2018,11,2,17,0,9.,"3725a61a22f9d8d1b6a9ebcaa162ba56b96e5b38",0.99234649582480528
2018,11,2,17,0,10.,"3725a61a22f9d8d1b6a9ebcaa162ba56b96e5b38",0.99865650469055522
2018,11,2,17,0,11.,"3725a61a22f9d8d1b6a9ebcaa162ba56b96e5b38",0.99901410493534171
2018,11,3,19,0,7.,"3725a61a22f9d8d1b6a9ebcaa162ba56b96e5b38",0.99900585352145055
2018,11,3,19,0,8.,"3725a61a22f9d8d1b6a9ebcaa162ba56b96e5b38",0.99943700802738689
2018,11,3,19,0,9.,"3725a61a22f9d8d1b6a9ebcaa162ba56b96e5b38",0.99865316682775274
2018,11,4,21,0,6.,"3725a61a22f9d8d1b6a9ebcaa162ba56b96e5b38",0.99673327840526693
2018,11,4,21,0,7.,"3725a61a22f9d8d1b6a9ebcaa162ba56b96e5b38",0.99921516339527439
2018,11,4,21,0,8.,"3725a61a22f9d8d1b6a9ebcaa162ba56b96e5b38",0.9969734421504598
2018,11,5,23,0,9.,"3725a61a22f9d8d1b6a9ebcaa162ba56b96e5b38",0.99751241837886928
2018,11,5,23,0,11.,"3725a61a22f9d8d1b6a9ebcaa162ba56b96e5b38",0.99862044599422572
2018,11,5,23,0,12.,"3725a61a22f9d8d1b6a9ebcaa162ba56b96e5b38",0.9949081999033077
2018,11,7,1,0,8.,"b98b44238c522bd6b781677b3e73e959b13d6122",0.99858145752352656
2018,11,7,1,0,9.,"b98b44238c522bd6b781677b3e73e959b13d6122",0.99855296182072994
2018,11,7,1,0,10.,"b98b44238c522bd6b781677b3e73e959b13d6122",0.99683214343010162
2018,11,8,3,0,7.,"b98b44238c522bd6b781677b3e73e959b13d6122",0.99948305506316271
2018,11,8,3,0,8.,"b98b44238c522bd6b781677b3e73e959b13d6122",0.99747050935209258
2018,11,8,3,0,9.,"b98b44238c522bd6b781677b3e73e959b13d6122",0.99648378488358791
2018,11,9,5,0,9.,"b98b44238c522bd6b781677b3e73e959b13d6122",0.9995114400784807
2018,11,9,5,0,10.,"b98b44238c522bd6b781677b3e73e959b13d6122",0.99796671046194563
2018,11,9,5,0,11.,"b98b44238c522bd6b781677b3e73e959b13d6122",0.99892001766643446
2018,11,10,7,0,7.,"b98b44238c522bd6b781677b3e73e959b13d6122",0.9970262436620202
2018,11,10,7,0,9.,"b98b44238c522bd6b781677b3e73e959b13d6122",0.99683395841778977
2018,11,10,7,0,10.,"b98b44238c522bd6b781677b3e73e959b13d6122",0.99987024055339468
2018,11,11,9,0,7.,"b98b44238c522bd6b781677b3e73e959b13d6122",0.99570662151575207
2018,11,11,9,0,8.,"b98b44238c522bd6b781677b3e73e959b13d6122",0.99869280539836736
2018,11,11,9,0,9.,"b98b44238c522bd6b781677b3e73e959b13d6122",0.99687996877914975
2018,11,12,11,0,12.,"b98b44238c522bd6b781677b3e73e959b13d6122",0.99444798694174274
2018,11,12,11,0,13.,"b98b44238c522bd6b781677b3e73e959b13d6122",0.99756390117231775
2018,11,12,11,0,14.,"b98b44238c522bd6b781677b3e73e959b13d6122",0.99618728563733372
2018,11,13,13,0,9.,"b98b44238c522bd6b781677b3e73e959b13d6122",0.99990913714843466
2018,11,13,13,0,10.,"b98b44238c522bd6b781677b3e73e959b13d6122",0.99753377547119582
2018,11,13,13,0,11.,"b98b44238c522bd6b781677b3e73e959b13d6122",0.99741414516735716
2018,11,15,5,0,9.,"bab7147680aa07c30c95e22d472dbc4eea110fb4",0.99856932263424292
2018,11,15,5,0,11.,"bab7147680aa07c30c95e22d472dbc4eea110fb4",0.99950755451892859
2018,11,15,5,0,13.,"bab7147680aa07c30c95e22d472dbc4eea110fb4",0.998623779750759
2018,11,16,13,0,10.,"b6ebf5338a502e94c295fcb1393ac915d5890b7f",0.99926409194216725
2018,11,16,13,0,15.,"b6ebf5338a502e94c295fcb1393ac915d5890b7f",0.99957902742255467
2018,11,17,18,0,7.,"b6ebf5338a502e94c295fcb1393ac915d5890b7f",0.99568516140140995
2018,11,17,18,0,8.,"b6ebf5338a502e94c295fcb1393ac915d5890b7f",0.99803724509013114
2018,11,17,18,0,9.,"b6ebf5338a502e94c295fcb1393ac915d5890b7f",0.99784894583544304
2018,11,19,0,0,10.,"b6ebf5338a502e94c295fcb1393ac915d5890b7f",0.99239700765629091
2018,11,19,0,0,11.,"b6ebf5338a502e94c295fcb1393ac915d5890b7f",0.99326752645127647
2018,11,19,0,0,12.,"b6ebf5338a502e94c295fcb1393ac915d5890b7f",0.99926694059071486
2018,11,20,5,0,8.,"b6ebf5338a502e94c295fcb1393ac915d5890b7f",0.99832868154544752
2018,11,20,5,0,9.,"b6ebf5338a502e94c295fcb1393ac915d5890b7f",0.99728130261153924
2018,11,20,5,0,10.,"b6ebf5338a502e94c295fcb1393ac915d5890b7f",0.99954196416033492
2018,11,21,12,0,10.,"3032b4b9ded7645122a414c6c4ffcc8a523c7560",0.99689883694055137
2018,11,21,12,0,11.,"3032b4b9ded7645122a414c6c4ffcc8a523c7560",0.99468815899072971
2018,11,21,12,0,12.,"3032b4b9ded7645122a414c6c4ffcc8a523c7560",0.99991823384844636
2018,11,22,18,0,9.,"4007917cc5e46140ddcee47347d7a0e397f31e05",1.0358672418013817
2018,11,22,18,0,10.,"4007917cc5e46140ddcee47347d7a0e397f31e05",0.9955340516233393
2018,11,22,18,0,11.,"4007917cc5e46140ddcee47347d7a0e397f31e05",0.99660851233642966
2018,11,23,23,0,9.,"4007917cc5e46140ddcee47347d7a0e397f31e05",0.99990048504399021
2018,11,23,23,0,10.,"4007917cc5e46140ddcee47347d7a0e397f31e05",0.99981192495104276
2018,11,23,23,0,11.,"4007917cc5e46140ddcee47347d7a0e397f31e05",0.99918147881792696
2018,11,25,4,0,8.,"4007917cc5e46140ddcee47347d7a0e397f31e05",0.99805036646571643
2018,11,25,4,0,9.,"4007917cc5e46140ddcee47347d7a0e397f31e05",0.99959514096682578
2018,11,25,4,0,10.,"4007917cc5e46140ddcee47347d7a0e397f31e05",0.99732742669661267
2018,11,26,9,0,8.,"4007917cc5e46140ddcee47347d7a0e397f31e05",0.99945573405737087
2018,11,26,9,0,9.,"4007917cc5e46140ddcee47347d7a0e397f31e05",0.99600498814924365
2018,11,26,9,0,10.,"4007917cc5e46140ddcee47347d7a0e397f31e05",0.99928015108914747
2018,11,27,14,0,10.,"4007917cc5e46140ddcee47347d7a0e397f31e05",0.99999493268407724
2018,11,27,14,0,11.,"4007917cc5e46140ddcee47347d7a0e397f31e05",0.99674855915579563
2018,11,27,14,0,12.,"4007917cc5e46140ddcee47347d7a0e397f31e05",0.99820365506326858
2018,11,28,20,0,9.,"951b7e794f496a76d1f6f5558ff250bd30a69c9b",0.99769694461573144
2018,11,28,20,0,10.,"951b7e794f496a76d1f6f5558ff250bd30a69c9b",0.99913177391808994
2018,11,28,20,0,11.,"951b7e794f496a76d1f6f5558ff250bd30a69c9b",0.99767497559499563
2018,11,30,1,0,8.,"951b7e794f496a76d1f6f5558ff250bd30a69c9b",0.99983822253040677
2018,11,30,1,0,9.,"951b7e794f496a76d1f6f5558ff250bd30a69c9b",0.9995938376093737
2018,11,30,1,0,10.,"951b7e794f496a76d1f6f5558ff250bd30a69c9b",0.99950812532342437
2018,12,1,6,0,7.,"7c0d5748058e4a59b60a1654c167ee3e87d6b342",0.99874642806926284
2018,12,1,6,0,8.,"7c0d5748058e4a59b60a1654c167ee3e87d6b342",0.99994150658335868
2018,12,1,6,0,9.,"7c0d5748058e4a59b60a1654c167ee3e87d6b342",0.99854391011532373
2018,12,2,11,0,8.,"7c0d5748058e4a59b60a1654c167ee3e87d6b342",0.99962484620618708
2018,12,2,11,0,9.,"7c0d5748058e4a59b60a1654c167ee3e87d6b342",0.99637535105785424
2018,12,2,11,0,10.,"7c0d5748058e4a59b60a1654c167ee3e87d6b342",0.99818415689227369
2018,12,3,16,0,12.,"7c0d5748058e4a59b60a1654c167ee3e87d6b342",0.99942130052153011
2018,12,3,16,0,13.,"7c0d5748058e4a59b60a1654c167ee3e87d6b342",0.9973445653046088
2018,12,3,16,0,14.,"7c0d5748058e4a59b60a1654c167ee3e87d6b342",0.99660884113618608
2018,12,4,21,0,8.,"7c0d5748058e4a59b60a1654c167ee3e87d6b342",0.99476451498813445
2018,12,4,21,0,9.,"7c0d5748058e4a59b60a1654c167ee3e87d6b342",0.99972161654898561
2018,12,4,21,0,10.,"7c0d5748058e4a59b60a1654c167ee3e87d6b342",0.99970055010970782
2018,12,6,2,0,7.,"7c0d5748058e4a59b60a1654c167ee3e87d6b342",0.99979139174849585
2018,12,6,2,0,9.,"7c0d5748058e4a59b60a1654c167ee3e87d6b342",0.99935616431510788
2018,12,6,2,0,10.,"7c0d5748058e4a59b60a1654c167ee3e87d6b342",0.99862623511395776
2018,12,7,7,0,10.,"7c0d5748058e4a59b60a1654c167ee3e87d6b342",0.99860003748336479
2018,12,7,7,0,11.,"7c0d5748058e4a59b60a1654c167ee3e87d6b342",0.99819581261248369
2018,12,7,7,0,12.,"7c0d5748058e4a59b60a1654c167ee3e87d6b342",0.99944990837637471
2018,12,8,12,0,9.,"7c0d5748058e4a59b60a1654c167ee3e87d6b342",0.99868301061307985
2018,12,8,12,0,10.,"7c0d5748058e4a59b60a1654c167ee3e87d6b342",0.99939813597040106
2018,12,8,12,0,11.,"7c0d5748058e4a59b60a1654c167ee3e87d6b342",0.99818107657265132
2018,12,9,17,0,8.,"7c0d5748058e4a59b60a1654c167ee3e87d6b342",0.9998189009770666
2018,12,9,17,0,9.,"7c0d5748058e4a59b60a1654c167ee3e87d6b342",0.99579120279339672
2018,12,9,17,0,10.,"7c0d5748058e4a59b60a1654c167ee3e87d6b342",0.99784536499636689
2018,12,10,22,0,8.,"7c0d5748058e4a59b60a1654c167ee3e87d6b342",0.99916945373167687
2018,12,10,22,0,9.,"7c0d5748058e4a59b60a1654c167ee3e87d6b342",0.99949384171618949
2018,12,10,22,0,10.,"7c0d5748058e4a59b60a1654c167ee3e87d6b342",0.99926311749214203
2018,12,12,3,0,10.,"d46dedf1b1af1285b7e45312288d4292407eb482",0.9968793820502696
2018,12,12,3,0,11.,"d46dedf1b1af1285b7e45312288d4292407eb482",0.99916227810950109
2018,12,12,3,0,12.,"d46dedf1b1af1285b7e45312288d4292407eb482",0.99878840141842096
2018,12,13,8,0,9.,"d46dedf1b1af1285b7e45312288d4292407eb482",0.99990491910362123
2018,12,13,8,0,10.,"d46dedf1b1af1285b7e45312288d4292407eb482",0.99971184748934816
2018,12,13,8,0,12.,"d46dedf1b1af1285b7e45312288d4292407eb482",0.9957447137563753
2018,12,14,13,0,8.,"ed1bd6a2a679303b924a25b54420acb4baff4979",0.99858127434759414
2018,12,14,13,0,9.,"ed1bd6a2a679303b924a25b54420acb4baff4979",0.9914578371380045
2018,12,14,13,0,10.,"ed1bd6a2a679303b924a25b54420acb4baff4979",0.99942355713321118
2018,12,15,18,0,8.,"ed1bd6a2a679303b924a25b54420acb4baff4979",0.99721327727399078
2018,12,15,18,0,9.,"ed1bd6a2a679303b924a25b54420acb4baff4979",0.99473222161152375
2018,12,15,18,0,10.,"ed1bd6a2a679303b924a25b54420acb4baff4979",0.9996877070400999
2018,12,16,23,0,8.,"ed1bd6a2a679303b924a25b54420acb4baff4979",0.99902823908528593
2018,12,16,23,0,10.,"ed1bd6a2a679303b924a25b54420acb4baff4979",0.99936876458655799
2018,12,16,23,0,11.,"ed1bd6a2a679303b924a25b54420acb4baff4979",0.99736918430271115
2018,12,18,4,0,9.,"ed1bd6a2a679303b924a25b54420acb4baff4979",0.9961749623092403
2018,12,18,4,0,10.,"ed1bd6a2a679303b924a25b54420acb4baff4979",0.99842493540364263
2018,12,18,4,0,11.,"ed1bd6a2a679303b924a25b54420acb4baff4979",0.99714208474164834
2018,12,19,9,0,8.,"ed1bd6a2a679303b924a25b54420acb4baff4979",0.99768950173546222
2018,12,19,9,0,10.,"ed1bd6a2a679303b924a25b54420acb4baff4979",0.99981058974637926
2018,12,19,9,0,11.,"ed1bd6a2a679303b924a25b54420acb4baff4979",0.99904675997605708
2018,12,20,16,0,8.,"ed1bd6a2a679303b924a25b54420acb4baff4979",0.99796406582894237
2018,12,20,16,0,10.,"ed1bd6a2a679303b924a25b54420acb4baff4979",0.99738942052097301
2018,12,20,16,0,11.,"ed1bd6a2a679303b924a25b54420acb4baff4979",0.9976353323645275
2018,12,21,22,0,10.,"ed1bd6a2a679303b924a25b54420acb4baff4979",0.99861540316500774
2018,12,21,22,0,11.,"ed1bd6a2a679303b924a25b54420acb4baff4979",0.99993070939317552
2018,12,21,22,0,13.,"ed1bd6a2a679303b924a25b54420acb4baff4979",0.98702813998285466
2018,12,23,3,0,18.,"ed1bd6a2a679303b924a25b54420acb4baff4979",1.0001272983107061
2018,12,23,3,0,21.,"ed1bd6a2a679303b924a25b54420acb4baff4979",0.99960198137022294
2018,12,23,3,0,23.,"ed1bd6a2a679303b924a25b54420acb4baff4979",0.99989163184719776
2018,12,24,9,0,8.,"ed1bd6a2a679303b924a25b54420acb4baff4979",0.99934147169117882
2018,12,24,9,0,9.,"ed1bd6a2a679303b924a25b54420acb4baff4979",0.99965146995297482
2018,12,24,9,0,11.,"ed1bd6a2a679303b924a25b54420acb4baff4979",0.994483457922273
2018,12,25,14,0,8.,"ed1bd6a2a679303b924a25b54420acb4baff4979",0.99995877809627065
2018,12,25,14,0,9.,"ed1bd6a2a679303b924a25b54420acb4baff4979",0.99888162454444984
2018,12,25,14,0,10.,"ed1bd6a2a679303b924a25b54420acb4baff4979",0.99600350007760341
2018,12,26,19,0,9.,"ed1bd6a2a679303b924a25b54420acb4baff4979",0.99741630219213384
2018,12,26,19,0,10.,"ed1bd6a2a679303b924a25b54420acb4baff4979",0.99701218669443659
2018,12,26,19,0,11.,"ed1bd6a2a679303b924a25b54420acb4baff4979",0.99695518362013291
2018,12,28,0,0,9.,"ed1bd6a2a679303b924a25b54420acb4baff4979",0.998638163725874
2018,12,28,0,0,10.,"ed1bd6a2a679303b924a25b54420acb4baff4979",0.99757992086908798
2018,12,28,0,0,12.,"ed1bd6a2a679303b924a25b54420acb4baff4979",0.99976637290841319
2018,12,29,5,0,8.,"ed1bd6a2a679303b924a25b54420acb4baff4979",0.99903293142657723
2018,12,29,5,0,9.,"ed1bd6a2a679303b924a25b54420acb4baff4979",0.99993158650989278
2018,12,29,5,0,10.,"ed1bd6a2a679303b924a25b54420acb4baff4979",0.9950513476979066
2018,12,30,10,0,7.,"ed1bd6a2a679303b924a25b54420acb4baff4979",1.067051007204906
2018,12,30,10,0,8.,"ed1bd6a2a679303b924a25b54420acb4baff4979",1.0568294027812319
2018,12,30,10,0,9.,"ed1bd6a2a679303b924a25b54420acb4baff4979",0.99890452760793658
2018,12,31,15,0,9.,"ed1bd6a2a679303b924a25b54420acb4baff4979",0.99826292318246601
2018,12,31,15,0,10.,"ed1bd6a2a679303b924a25b54420acb4baff4979",0.99580731429135405
2018,12,31,15,0,11.,"ed1bd6a2a679303b924a25b54420acb4baff4979",0.99984245186952492
2019,1,1,20,0,8.,"ed1bd6a2a679303b924a25b54420acb4baff4979",0.99872842027898756
2019,1,1,20,0,9.,"ed1bd6a2a679303b924a25b54420acb4baff4979",0.99798072262025272
2019,1,1,20,0,10.,"ed1bd6a2a679303b924a25b54420acb4baff4979",0.99727804982977231
2019,1,3,1,0,8.,"ed1bd6a2a679303b924a25b54420acb4baff4979",0.99838032711568026
2019,1,3,1,0,9.,"ed1bd6a2a679303b924a25b54420acb4baff4979",0.99952995734432459
2019,1,3,1,0,10.,"ed1bd6a2a679303b924a25b54420acb4baff4979",0.99992462076301836
2019,1,4,6,0,8.,"ed1bd6a2a679303b924a25b54420acb4baff4979",0.99943436127268981
2019,1,4,6,0,9.,"ed1bd6a2a679303b924a25b54420acb4baff4979",0.99942117215628501
2019,1,4,6,0,10.,"ed1bd6a2a679303b924a25b54420acb4baff4979",0.99981028283659423
2019,1,5,11,0,6.,"ed1bd6a2a679303b924a25b54420acb4baff4979",0.99801701921240038
2019,1,5,11,0,7.,"ed1bd6a2a679303b924a25b54420acb4baff4979",0.99898600290482631
2019,1,5,11,0,9.,"ed1bd6a2a679303b924a25b54420acb4baff4979",0.99814243566044036
2019,1,6,16,0,9.,"ed1bd6a2a679303b924a25b54420acb4baff4979",0.99710042629035989
2019,1,6,16,0,11.,"ed1bd6a2a679303b924a25b54420acb4baff4979",0.99915295110031965
2019,1,6,16,0,12.,"ed1bd6a2a679303b924a25b54420acb4baff4979",0.99948319554652176
2019,1,7,21,0,9.,"ed1bd6a2a679303b924a25b54420acb4baff4979",0.9962834478170074
2019,1,7,21,0,10.,"ed1bd6a2a679303b924a25b54420acb4baff4979",0.99785881314846558
2019,1,7,21,0,11.,"ed1bd6a2a679303b924a25b54420acb4baff4979",0.99992623326034114
2019,1,9,2,0,8.,"ed1bd6a2a679303b924a25b54420acb4baff4979",0.99881558625876887
2019,1,9,2,0,9.,"ed1bd6a2a679303b924a25b54420acb4baff4979",0.99844113775845666
2019,1,9,2,0,10.,"ed1bd6a2a679303b924a25b54420acb4baff4979",1.5788854827922745
2019,1,10,7,0,6.,"4456013598941a16c5df13ad15c8d0007804a60f",0.99851415929828202
2019,1,10,7,0,7.,"4456013598941a16c5df13ad15c8d0007804a60f",0.99941264920307682
2019,1,10,7,0,8.,"4456013598941a16c5df13ad15c8d0007804a60f",0.99792406488843155
2019,1,11,12,0,10.,"4456013598941a16c5df13ad15c8d0007804a60f",0.99971082324458049
2019,1,11,12,0,12.,"4456013598941a16c5df13ad15c8d0007804a60f",0.99864512489969504
2019,1,11,12,0,13.,"4456013598941a16c5df13ad15c8d0007804a60f",0.99894137345020206
2019,1,12,17,0,8.,"4456013598941a16c5df13ad15c8d0007804a60f",0.9937927609111884
2019,1,12,17,0,10.,"4456013598941a16c5df13ad15c8d0007804a60f",0.99795685632803888
2019,1,12,17,0,11.,"4456013598941a16c5df13ad15c8d0007804a60f",0.99696676934265882
2019,1,13,22,0,8.,"4456013598941a16c5df13ad15c8d0007804a60f",0.99939444900588126
2019,1,13,22,0,9.,"4456013598941a16c5df13ad15c8d0007804a60f",0.99728468478691434
2019,1,13,22,0,10.,"4456013598941a16c5df13ad15c8d0007804a60f",0.9976593829081849
2019,1,15,3,0,8.,"4456013598941a16c5df13ad15c8d0007804a60f",0.99899470041077831
2019,1,15,3,0,9.,"4456013598941a16c5df13ad15c8d0007804a60f",0.99926618401991063
2019,1,15,3,0,10.,"4456013598941a16c5df13ad15c8d0007804a60f",0.99915776986569327
2019,1,16,9,0,12.,"e6fde00fe34d19c1ddec5556e2420e1dc66dd55d",0.99829380828973391
2019,1,16,9,0,13.,"e6fde00fe34d19c1ddec5556e2420e1dc66dd55d",0.99974736420282817
2019,1,16,9,0,15.,"e6fde00fe34d19c1ddec5556e2420e1dc66dd55d",0.99279990077099911
2019,1,17,13,0,10.,"e6fde00fe34d19c1ddec5556e2420e1dc66dd55d",0.99851458138954952
2019,1,17,13,0,11.,"e6fde00fe34d19c1ddec5556e2420e1dc66dd55d",0.99751679638166635
2019,1,17,13,0,12.,"e6fde00fe34d19c1ddec5556e2420e1dc66dd55d",0.99814954328182048
2019,1,18,18,0,10.,"e6fde00fe34d19c1ddec5556e2420e1dc66dd55d",0.99902328303214094
2019,1,18,18,0,11.,"e6fde00fe34d19c1ddec5556e2420e1dc66dd55d",0.99990022024129832
2019,1,18,18,0,12.,"e6fde00fe34d19c1ddec5556e2420e1dc66dd55d",0.99959184865594963
2019,1,19,23,0,7.,"e6fde00fe34d19c1ddec5556e2420e1dc66dd55d",0.99985801752346881
2019,1,19,23,0,8.,"e6fde00fe34d19c1ddec5556e2420e1dc66dd55d",0.99918453479141478
2019,1,19,23,0,9.,"e6fde00fe34d19c1ddec5556e2420e1dc66dd55d",0.99789610746838575
2019,1,21,4,0,9.,"e6fde00fe34d19c1ddec5556e2420e1dc66dd55d",0.99959925668429617
2019,1,21,4,0,10.,"e6fde00fe34d19c1ddec5556e2420e1dc66dd55d",0.99446401364355486
2019,1,21,4,0,12.,"e6fde00fe34d19c1ddec5556e2420e1dc66dd55d",0.99989064267612548
2019,1,22,9,0,9.,"e6fde00fe34d19c1ddec5556e2420e1dc66dd55d",0.99846537888820297
2019,1,22,9,0,10.,"e6fde00fe34d19c1ddec5556e2420e1dc66dd55d",0.99773600867804158
2019,1,22,9,0,11.,"e6fde00fe34d19c1ddec5556e2420e1dc66dd55d",0.99825935474487215
2019,1,23,14,0,10.,"15babcc994ec3c3567bff57b7df8e986cb2b4543",0.99949129245092527
2019,1,23,14,0,11.,"15babcc994ec3c3567bff57b7df8e986cb2b4543",0.99929951982125409
2019,1,23,14,0,12.,"15babcc994ec3c3567bff57b7df8e986cb2b4543",0.9968946379855258
2019,1,24,19,0,8.,"15babcc994ec3c3567bff57b7df8e986cb2b4543",0.9950533019684511
2019,1,24,19,0,9.,"15babcc994ec3c3567bff57b7df8e986cb2b4543",0.9983728157851075
2019,1,24,19,0,10.,"15babcc994ec3c3567bff57b7df8e986cb2b4543",0.99933930279952188
2019,1,26,0,0,11.,"15babcc994ec3c3567bff57b7df8e986cb2b4543",0.99618263471969115
2019,1,26,0,0,12.,"15babcc994ec3c3567bff57b7df8e986cb2b4543",0.99463556281828547
2019,1,26,0,0,13.,"15babcc994ec3c3567bff57b7df8e986cb2b4543",0.99949779332318778
2019,1,27,5,0,8.,"15babcc994ec3c3567bff57b7df8e986cb2b4543",0.99954920015692572
2019,1,27,5,0,9.,"15babcc994ec3c3567bff57b7df8e986cb2b4543",0.99947316437224898
2019,1,27,5,0,10.,"15babcc994ec3c3567bff57b7df8e986cb2b4543",0.99518337199698359
2019,1,28,10,0,9.,"15babcc994ec3c3567bff57b7df8e986cb2b4543",0.99794533138177155
2019,1,28,10,0,10.,"15babcc994ec3c3567bff57b7df8e986cb2b4543",0.99755206905928306
2019,1,28,10,0,11.,"15babcc994ec3c3567bff57b7df8e986cb2b4543",0.999879473824555
2019,1,29,15,0,11.,"776582a805f51493cd610279e4c3ff72315b127c",0.99780724629126127
2019,1,29,15,0,13.,"776582a805f51493cd610279e4c3ff72315b127c",0.9991726604259834
2019,1,29,15,0,14.,"776582a805f51493cd610279e4c3ff72315b127c",0.9983758601628181
2019,1,30,20,0,8.,"f60279cc5ab29579e35510a13659b2661292b192",0.99698809977254532
2019,1,30,20,0,9.,"f60279cc5ab29579e35510a13659b2661292b192",0.99941564422152584
2019,1,30,20,0,10.,"f60279cc5ab29579e35510a13659b2661292b192",0.99825587084432155
2019,2,1,1,0,11.,"f60279cc5ab29579e35510a13659b2661292b192",0.99957523280806337
2019,2,1,1,0,12.,"f60279cc5ab29579e35510a13659b2661292b192",0.99660119874036435
2019,2,1,1,0,13.,"f60279cc5ab29579e35510a13659b2661292b192",0.99601792337175898
2019,2,2,6,0,7.,"f60279cc5ab29579e35510a13659b2661292b192",0.99877241268967665
2019,2,2,6,0,8.,"f60279cc5ab29579e35510a13659b2661292b192",0.99757792828577829
2019,2,2,6,0,9.,"f60279cc5ab29579e35510a13659b2661292b192",0.99410190244580876
2019,2,3,11,0,8.,"f60279cc5ab29579e35510a13659b2661292b192",0.99837040490232354
2019,2,3,11,0,10.,"f60279cc5ab29579e35510a13659b2661292b192",0.99476244330568242
2019,2,3,11,0,11.,"f60279cc5ab29579e35510a13659b2661292b192",0.99861624925280812
2019,2,4,16,0,9.,"f60279cc5ab29579e35510a13659b2661292b192",0.99903557907399976
2019,2,4,16,0,10.,"f60279cc5ab29579e35510a13659b2661292b192",0.99747991270684888
2019,2,4,16,0,11.,"f60279cc5ab29579e35510a13659b2661292b192",0.99980489530882011
2019,2,5,21,0,10.,"efd76ffb73ad3d7a674d7736f197063bd87d3d32",0.99834650840797301
2019,2,5,21,0,11.,"efd76ffb73ad3d7a674d7736f197063bd87d3d32",0.99916089661530427
2019,2,5,21,0,13.,"efd76ffb73ad3d7a674d7736f197063bd87d3d32",0.99703519087913872
2019,2,7,2,0,7.,"0c1ad562355579df6ead0908da1a8bd1b354ad23",0.99789071027288268
2019,2,7,2,0,8.,"0c1ad562355579df6ead0908da1a8bd1b354ad23",0.99561314036710358
2019,2,7,2,0,9.,"0c1ad562355579df6ead0908da1a8bd1b354ad23",0.99888186672072776
2019,2,8,7,0,9.,"0c1ad562355579df6ead0908da1a8bd1b354ad23",0.99878809441609972
2019,2,8,7,0,11.,"0c1ad562355579df6ead0908da1a8bd1b354ad23",0.99987781457572056
2019,2,8,7,0,12.,"0c1ad562355579df6ead0908da1a8bd1b354ad23",0.99854711066405744
2019,2,9,12,0,8.,"0a4eba1b041bcbd7e5808f9b80154edd80dcbee7",0.99775380483523735
2019,2,9,12,0,9.,"0a4eba1b041bcbd7e5808f9b80154edd80dcbee7",0.998106288465614
2019,2,9,12,0,10.,"0a4eba1b041bcbd7e5808f9b80154edd80dcbee7",0.99873829385878488
2019,2,10,17,0,8.,"0a4eba1b041bcbd7e5808f9b80154edd80dcbee7",0.99711771221232115
2019,2,10,17,0,9.,"0a4eba1b041bcbd7e5808f9b80154edd80dcbee7",0.99625558054554741
2019,2,10,17,0,10.,"0a4eba1b041bcbd7e5808f9b80154edd80dcbee7",0.99899197168452158
2019,2,11,22,0,8.,"0a4eba1b041bcbd7e5808f9b80154edd80dcbee7",0.99486530295688835
2019,2,11,22,0,9.,"0a4eba1b041bcbd7e5808f9b80154edd80dcbee7",0.99951396142915838
2019,2,11,22,0,10.,"0a4eba1b041bcbd7e5808f9b80154edd80dcbee7",0.99060104493298318
2019,2,13,3,0,9.,"b4904ffbf3605f1e952b4c301c9d1a7b1a3ed781",0.99736851504572799
2019,2,13,3,0,11.,"b4904ffbf3605f1e952b4c301c9d1a7b1a3ed781",0.99594311652406087
2019,2,13,3,0,12.,"b4904ffbf3605f1e952b4c301c9d1a7b1a3ed781",0.99989065634436669
2019,2,14,8,0,8.,"40711fbe450d514abdb5d4063f33427166b8c0cf",0.99878710215570232
2019,2,14,8,0,10.,"40711fbe450d514abdb5d4063f33427166b8c0cf",0.9998555803453606
2019,2,14,8,0,11.,"40711fbe450d514abdb5d4063f33427166b8c0cf",0.99938453197488086
2019,2,15,13,0,9.,"07f518c533aa83f34ba4761733bb83d0d1b57856",0.99982439316070448
2019,2,15,13,0,11.,"07f518c533aa83f34ba4761733bb83d0d1b57856",0.99766241626042607
2019,2,15,13,0,12.,"07f518c533aa83f34ba4761733bb83d0d1b57856",0.99801956347912157
2019,2,16,18,0,10.,"d14f742e9f66bffdecb9ae4978c3b8410273a916",0.9993417062248745
2019,2,16,18,0,11.,"d14f742e9f66bffdecb9ae4978c3b8410273a916",0.9980450818440344
2019,2,16,18,0,12.,"d14f742e9f66bffdecb9ae4978c3b8410273a916",0.99733696650916104
2019,2,17,23,0,9.,"d14f742e9f66bffdecb9ae4978c3b8410273a916",0.99921190219288336
2019,2,17,23,0,10.,"d14f742e9f66bffdecb9ae4978c3b8410273a916",0.99952118994452099
2019,2,17,23,0,11.,"d14f742e9f66bffdecb9ae4978c3b8410273a916",0.99705083206060685
2019,2,19,4,0,11.,"d14f742e9f66bffdecb9ae4978c3b8410273a916",0.99765271111978426
2019,2,19,4,0,13.,"d14f742e9f66bffdecb9ae4978c3b8410273a916",0.99993553528171919
2019,2,19,4,0,14.,"d14f742e9f66bffdecb9ae4978c3b8410273a916",0.99812658464931292
2019,2,20,12,0,12.,"d732fbdf9a2932436f509839a394ea23c929c57a",0.99994293336652185
2019,2,20,12,0,13.,"d732fbdf9a2932436f509839a394ea23c929c57a",0.99849132876544622
2019,2,20,12,0,14.,"d732fbdf9a2932436f509839a394ea23c929c57a",0.99992968884261602
2019,2,21,17,0,7.,"f9b72f1e1951c057f0334fa274f426987ed23476",0.9996637327480028
2019,2,21,17,0,9.,"f9b72f1e1951c057f0334fa274f426987ed23476",0.99885930768341391
2019,2,21,17,0,10.,"f9b72f1e1951c057f0334fa274f426987ed23476",0.99853844419202942
2019,3,27,22,0,9.,"bd1c11472ff3ec0990f3d55f0b2f20d92397926d",0.99833798283123443
2019,3,27,22,0,10.,"bd1c11472ff3ec0990f3d55f0b2f20d92397926d",0.99941836459641364
2019,3,27,22,0,12.,"bd1c11472ff3ec0990f3d55f0b2f20d92397926d",0.99931858326975942
2019,3,27,22,0,13.,"bd1c11472ff3ec0990f3d55f0b2f20d92397926d",0.9890998313477829
2019,3,27,22,0,14.,"bd1c11472ff3ec0990f3d55f0b2f20d92397926d",0.99950152052285901
2019,3,29,3,0,8.,"bd1c11472ff3ec0990f3d55f0b2f20d92397926d",0.99929367753557152
2019,3,29,3,0,9.,"bd1c11472ff3ec0990f3d55f0b2f20d92397926d",0.99437462969629076
2019,3,29,3,0,10.,"bd1c11472ff3ec0990f3d55f0b2f20d92397926d",0.99726374133293227
2019,3,29,3,0,11.,"bd1c11472ff3ec0990f3d55f0b2f20d92397926d",0.99986646636703336
2019,3,29,3,0,12.,"bd1c11472ff3ec0990f3d55f0b2f20d92397926d",0.99603394729766936
2019,4,2,17,0,8.,"5e298af7bf1c9163d36b8ffb60312c554afbbb11",0.9999096773543239
2019,4,2,17,0,9.,"5e298af7bf1c9163d36b8ffb60312c554afbbb11",0.9968786614127173
2019,4,2,17,0,11.,"5e298af7bf1c9163d36b8ffb60312c554afbbb11",0.99785791017969039
2019,4,2,17,0,12.,"5e298af7bf1c9163d36b8ffb60312c554afbbb11",0.99897855924734225
2019,4,2,17,0,14.,"5e298af7bf1c9163d36b8ffb60312c554afbbb11",0.99726259089945435
2019,4,3,22,0,7.,"5e298af7bf1c9163d36b8ffb60312c554afbbb11",0.9995653835638465
2019,4,3,22,0,8.,"5e298af7bf1c9163d36b8ffb60312c554afbbb11",0.99837670229847952
2019,4,3,22,0,9.,"5e298af7bf1c9163d36b8ffb60312c554afbbb11",0.99529659060230835
2019,4,3,22,0,10.,"5e298af7bf1c9163d36b8ffb60312c554afbbb11",0.99963558550353948
2019,4,3,22,0,11.,"5e298af7bf1c9163d36b8ffb60312c554afbbb11",0.99990331909517272
2019,4,5,3,0,6.,"5e298af7bf1c9163d36b8ffb60312c554afbbb11",0.99989763281317023
2019,4,5,3,0,7.,"5e298af7bf1c9163d36b8ffb60312c554afbbb11",0.99909242853805846
2019,4,5,3,0,8.,"5e298af7bf1c9163d36b8ffb60312c554afbbb11",0.99999455996729936
2019,4,5,3,0,9.,"5e298af7bf1c9163d36b8ffb60312c554afbbb11",0.99641296292501613
2019,4,5,3,0,10.,"5e298af7bf1c9163d36b8ffb60312c554afbbb11",0.99652511817831491
2019,4,6,8,0,8.,"5e298af7bf1c9163d36b8ffb60312c554afbbb11",0.99522191147402006
2019,4,6,8,0,9.,"5e298af7bf1c9163d36b8ffb60312c554afbbb11",0.99767287378508185
2019,4,6,8,0,10.,"5e298af7bf1c9163d36b8ffb60312c554afbbb11",0.99556009327290684
2019,4,6,8,0,12.,"5e298af7bf1c9163d36b8ffb60312c554afbbb11",0.99830667798616024
2019,4,6,8,0,13.,"5e298af7bf1c9163d36b8ffb60312c554afbbb11",0.99786919098320137
2019,4,7,13,0,7.,"5e298af7bf1c9163d36b8ffb60312c554afbbb11",0.99987633915947893
2019,4,7,13,0,9.,"5e298af7bf1c9163d36b8ffb60312c554afbbb11",0.99455268856326773
2019,4,7,13,0,10.,"5e298af7bf1c9163d36b8ffb60312c554afbbb11",0.9980055340379328
2019,4,7,13,0,11.,"5e298af7bf1c9163d36b8ffb60312c554afbbb11",0.99908788853394759
2019,4,7,13,0,12.,"5e298af7bf1c9163d36b8ffb60312c554afbbb11",0.99287324169628977
2019,4,8,18,0,9.,"5e298af7bf1c9163d36b8ffb60312c554afbbb11",0.99756600250235672
2019,4,8,18,0,11.,"5e298af7bf1c9163d36b8ffb60312c554afbbb11",0.99830356518962648
2019,4,8,18,0,13.,"5e298af7bf1c9163d36b8ffb60312c554afbbb11",0.99775273520028263
2019,4,8,18,0,15.,"5e298af7bf1c9163d36b8ffb60312c554afbbb11",0.99948272418015738
2019,4,8,18,0,17.,"5e298af7bf1c9163d36b8ffb60312c554afbbb11",0.99551202052045407
2019,4,9,22,0,8.,"5e298af7bf1c9163d36b8ffb60312c554afbbb11",0.99848688875995617
2019,4,9,22,0,9.,"5e298af7bf1c9163d36b8ffb60312c554afbbb11",0.99717782683069123
2019,4,9,22,0,10.,"5e298af7bf1c9163d36b8ffb60312c554afbbb11",0.99817414590995113
2019,4,9,22,0,11.,"5e298af7bf1c9163d36b8ffb60312c554afbbb11",0.99940595747616046
2019,4,9,22,0,12.,"5e298af7bf1c9163d36b8ffb60312c554afbbb11",0.99772797244368239
2019,4,11,2,0,6.,"5e298af7bf1c9163d36b8ffb60312c554afbbb11",0.99831855274587589
2019,4,11,2,0,7.,"5e298af7bf1c9163d36b8ffb60312c554afbbb11",0.9998139871810271
2019,4,11,2,0,8.,"5e298af7bf1c9163d36b8ffb60312c554afbbb11",0.99663564951579908
2019,4,11,2,0,9.,"5e298af7bf1c9163d36b8ffb60312c554afbbb11",0.99920567477319788
2019,4,11,2,0,10.,"5e298af7bf1c9163d36b8ffb60312c554afbbb11",0.9960129483950817
2019,4,12,7,0,8.,"5e298af7bf1c9163d36b8ffb60312c554afbbb11",0.99593168710024593
2019,4,12,7,0,9.,"5e298af7bf1c9163d36b8ffb60312c554afbbb11",0.99980047567152186
2019,4,12,7,0,11.,"5e298af7bf1c9163d36b8ffb60312c554afbbb11",0.99778361356549483
2019,4,12,7,0,12.,"5e298af7bf1c9163d36b8ffb60312c554afbbb11",0.99580989413495158
2019,4,12,7,0,13.,"5e298af7bf1c9163d36b8ffb60312c554afbbb11",0.99865853465814714
2019,4,13,12,0,7.,"5e298af7bf1c9163d36b8ffb60312c554afbbb11",0.99970555664850569
2019,4,13,12,0,8.,"5e298af7bf1c9163d36b8ffb60312c554afbbb11",0.99949088684073373
2019,4,13,12,0,9.,"5e298af7bf1c9163d36b8ffb60312c554afbbb11",0.99857558542218372
2019,4,13,12,0,10.,"5e298af7bf1c9163d36b8ffb60312c554afbbb11",0.99981214557371811
2019,4,13,12,0,11.,"5e298af7bf1c9163d36b8ffb60312c554afbbb11",0.99988974856158341
2019,4,14,17,0,7.,"5e298af7bf1c9163d36b8ffb60312c554afbbb11",0.99767812670440248
2019,4,14,17,0,8.,"5e298af7bf1c9163d36b8ffb60312c554afbbb11",0.99554341801349433
2019,4,14,17,0,9.,"5e298af7bf1c9163d36b8ffb60312c554afbbb11",0.99858325853310248
2019,4,14,17,0,11.,"5e298af7bf1c9163d36b8ffb60312c554afbbb11",0.99737702116324223
2019,4,14,17,0,12.,"5e298af7bf1c9163d36b8ffb60312c554afbbb11",1.4284517617377008
2019,4,15,22,0,7.,"5e298af7bf1c9163d36b8ffb60312c554afbbb11",0.99942021909945844
2019,4,15,22,0,8.,"5e298af7bf1c9163d36b8ffb60312c554afbbb11",0.99724153979416452
2019,4,15,22,0,9.,"5e298af7bf1c9163d36b8ffb60312c554afbbb11",0.99678642864175126
2019,4,15,22,0,10.,"5e298af7bf1c9163d36b8ffb60312c554afbbb11",0.99682600086535877
2019,4,15,22,0,11.,"5e298af7bf1c9163d36b8ffb60312c554afbbb11",0.99968098966919461
2019,4,17,3,0,9.,"5e298af7bf1c9163d36b8ffb60312c554afbbb11",0.99974193003462475
2019,4,17,3,0,10.,"5e298af7bf1c9163d36b8ffb60312c554afbbb11",0.99970358452794794
2019,4,17,3,0,11.,"5e298af7bf1c9163d36b8ffb60312c554afbbb11",0.99955873459120215
2019,4,17,3,0,12.,"5e298af7bf1c9163d36b8ffb60312c554afbbb11",0.99844374490611187
2019,4,17,3,0,13.,"5e298af7bf1c9163d36b8ffb60312c554afbbb11",0.9991592698493339
2019,4,18,8,0,8.,"95233a49735a7c73d61c25c05cb21e0d43dc985c",0.99942231697391581
2019,4,18,8,0,9.,"95233a49735a7c73d61c25c05cb21e0d43dc985c",0.99867768359067688
2019,4,18,8,0,10.,"95233a49735a7c73d61c25c05cb21e0d43dc985c",0.99885916345378456
2019,4,18,8,0,11.,"95233a49735a7c73d61c25c05cb21e0d43dc985c",0.99823958200259732
2019,4,18,8,0,12.,"95233a49735a7c73d61c25c05cb21e0d43dc985c",0.99885718182958994
2019,4,20,13,0,33.,"545c15a15594c0af207dcddb8e01889f0307cd62",0.99948594025917126
2019,4,20,13,0,34.,"545c15a15594c0af207dcddb8e01889f0307cd62",0.99408099838650976
2019,4,20,13,0,35.,"545c15a15594c0af207dcddb8e01889f0307cd62",0.99698232403016518
2019,4,20,13,0,36.,"545c15a15594c0af207dcddb8e01889f0307cd62",0.99564443457790863
2019,4,20,13,0,37.,"545c15a15594c0af207dcddb8e01889f0307cd62",0.9974810005699144
2019,4,21,18,0,31.,"7857b1e6c812a765fa2448f4569add836e1a52a4",0.99962726348852282
2019,4,21,18,0,32.,"7857b1e6c812a765fa2448f4569add836e1a52a4",0.99772712630282856
2019,4,21,18,0,33.,"7857b1e6c812a765fa2448f4569add836e1a52a4",0.99941829349543798
2019,4,21,18,0,34.,"7857b1e6c812a765fa2448f4569add836e1a52a4",0.99920460354022711
2019,4,21,18,0,36.,"7857b1e6c812a765fa2448f4569add836e1a52a4",0.99837420360566464
2019,4,23,0,0,35.,"7857b1e6c812a765fa2448f4569add836e1a52a4",0.99877481693859438
2019,4,23,0,0,36.,"7857b1e6c812a765fa2448f4569add836e1a52a4",0.99840648756785677
2019,4,23,0,0,37.,"7857b1e6c812a765fa2448f4569add836e1a52a4",0.99987441423341117
2019,4,23,0,0,38.,"7857b1e6c812a765fa2448f4569add836e1a52a4",0.99949727908293851
2019,4,23,0,0,39.,"7857b1e6c812a765fa2448f4569add836e1a52a4",0.99671586200602102
2019,4,24,5,0,31.,"455511c86af7f2013641432ee8934d095580bf5f",0.99900730712653474
2019,4,24,5,0,32.,"455511c86af7f2013641432ee8934d095580bf5f",0.99991717006132874
2019,4,24,5,0,33.,"455511c86af7f2013641432ee8934d095580bf5f",0.99955823327187121
2019,4,24,5,0,34.,"455511c86af7f2013641432ee8934d095580bf5f",0.99034967924135242
2019,4,24,5,0,35.,"455511c86af7f2013641432ee8934d095580bf5f",1.001110378057227
2019,4,25,10,0,46.,"455511c86af7f2013641432ee8934d095580bf5f",0.99953156280523525
2019,4,25,10,0,47.,"455511c86af7f2013641432ee8934d095580bf5f",0.9993539945449641
2019,4,25,10,0,48.,"455511c86af7f2013641432ee8934d095580bf5f",0.99397765427568274
2019,4,25,10,0,49.,"455511c86af7f2013641432ee8934d095580bf5f",0.99918405556719203
2019,4,25,10,0,50.,"455511c86af7f2013641432ee8934d095580bf5f",0.99889392520858644
2019,4,26,18,0,41.,"816bed2b3c0246bb87192600c9224babb41fe54d",0.99988478882430276
2019,4,26,18,0,42.,"816bed2b3c0246bb87192600c9224babb41fe54d",0.99965561491941335
2019,4,26,18,0,43.,"816bed2b3c0246bb87192600c9224babb41fe54d",0.99989568430135556
2019,4,26,18,0,44.,"816bed2b3c0246bb87192600c9224babb41fe54d",0.9984840940051235
2019,4,26,18,0,45.,"816bed2b3c0246bb87192600c9224babb41fe54d",0.9993494843133387
2019,4,29,0,0,34.,"816bed2b3c0246bb87192600c9224babb41fe54d",0.99732360950966326
2019,4,29,0,0,36.,"816bed2b3c0246bb87192600c9224babb41fe54d",0.99747952268842732
2019,4,29,0,0,37.,"816bed2b3c0246bb87192600c9224babb41fe54d",0.99802464219670484
2019,4,29,0,0,38.,"816bed2b3c0246bb87192600c9224babb41fe54d",0.99735962781100618
2019,4,29,0,0,39.,"816bed2b3c0246bb87192600c9224babb41fe54d",0.99770816379226945
2019,5,1,12,0,36.,"9dd19c6d0c9dcd529146e7896e785fc76be21806",0.9991964699282867
2019,5,1,12,0,37.,"9dd19c6d0c9dcd529146e7896e785fc76be21806",0.99958559946640657
2019,5,1,12,0,39.,"9dd19c6d0c9dcd529146e7896e785fc76be21806",0.99981341714928818
2019,5,1,12,0,40.,"9dd19c6d0c9dcd529146e7896e785fc76be21806",0.99963025045066611
2019,5,1,12,0,41.,"9dd19c6d0c9dcd529146e7896e785fc76be21806",0.99873563247219288
2019,5,3,20,0,40.,"9dd19c6d0c9dcd529146e7896e785fc76be21806",0.99829763521330162
2019,5,3,20,0,41.,"9dd19c6d0c9dcd529146e7896e785fc76be21806",0.99673515495840703
2019,5,3,20,0,42.,"9dd19c6d0c9dcd529146e7896e785fc76be21806",0.99207949059371059
2019,5,3,20,0,43.,"9dd19c6d0c9dcd529146e7896e785fc76be21806",0.99907497716277938
2019,5,3,20,0,44.,"9dd19c6d0c9dcd529146e7896e785fc76be21806",0.99997484935991066
2019,5,6,6,0,34.,"9dd19c6d0c9dcd529146e7896e785fc76be21806",0.99991925875860355
2019,5,6,6,0,35.,"9dd19c6d0c9dcd529146e7896e785fc76be21806",0.99939303328219109
2019,5,6,6,0,36.,"9dd19c6d0c9dcd529146e7896e785fc76be21806",0.99615901962388875
2019,5,6,6,0,37.,"9dd19c6d0c9dcd529146e7896e785fc76be21806",0.99699618225150777
2019,5,6,6,0,38.,"9dd19c6d0c9dcd529146e7896e785fc76be21806",0.99628914688849512
2019,5,8,2,0,50.,"9dd19c6d0c9dcd529146e7896e785fc76be21806",0.99764828017686602
2019,5,8,2,0,51.,"9dd19c6d0c9dcd529146e7896e785fc76be21806",0.99855615256875119
2019,5,8,2,0,52.,"9dd19c6d0c9dcd529146e7896e785fc76be21806",0.99686667049061262
2019,5,8,2,0,54.,"9dd19c6d0c9dcd529146e7896e785fc76be21806",0.99416688766398331
2019,5,8,2,0,55.,"9dd19c6d0c9dcd529146e7896e785fc76be21806",0.99915512843403675
2019,5,9,8,0,33.,"9dd19c6d0c9dcd529146e7896e785fc76be21806",0.99985511345649913
2019,5,10,14,0,37.,"9dd19c6d0c9dcd529146e7896e785fc76be21806",0.99977516145472389
2019,5,11,19,0,35.,"9dd19c6d0c9dcd529146e7896e785fc76be21806",0.99641398481520027
2019,5,13,0,0,34.,"9dd19c6d0c9dcd529146e7896e785fc76be21806",0.99854986640096621
2019,5,14,6,0,36.,"9dd19c6d0c9dcd529146e7896e785fc76be21806",0.99846457517245024
